DATE,GS30,GS10,GS5,GS1,GS3M,FEDFUNDS
1975-01-01,,7.5,7.41,6.83,,7.13
1975-02-01,,7.39,7.11,5.98,,6.24
1975-03-01,,7.73,7.3,6.11,,5.54
1975-04-01,,8.23,7.99,6.9,,5.49
1975-05-01,,8.06,7.72,6.39,,5.22
1975-06-01,,7.86,7.51,6.29,,5.55
1975-07-01,,8.06,7.92,7.11,,6.1
1975-08-01,,8.4,8.33,7.7,,6.14
1975-09-01,,8.43,8.37,7.75,,6.24
1975-10-01,,8.14,7.97,6.95,,5.82
1975-11-01,,8.05,7.8,6.49,,5.22
1975-12-01,,8.0,7.76,6.6,,5.2
1976-01-01,,7.74,7.46,5.81,,4.87
1976-02-01,,7.79,7.45,5.91,,4.77
1976-03-01,,7.73,7.49,6.21,,4.84
1976-04-01,,7.56,7.25,5.92,,4.82
1976-05-01,,7.9,7.59,6.4,,5.29
1976-06-01,,7.86,7.61,6.52,,5.48
1976-07-01,,7.83,7.49,6.2,,5.31
1976-08-01,,7.77,7.31,6.0,,5.29
1976-09-01,,7.59,7.13,5.84,,5.25
1976-10-01,,7.41,6.75,5.5,,5.02
1976-11-01,,7.29,6.52,5.29,,4.95
1976-12-01,,6.87,6.1,4.89,,4.65
1977-01-01,,7.21,6.58,5.29,,4.61
1977-02-01,7.75,7.39,6.83,5.47,,4.68
1977-03-01,7.8,7.46,6.93,5.5,,4.69
1977-04-01,7.73,7.37,6.79,5.44,,4.73
1977-05-01,7.8,7.46,6.94,5.84,,5.35
1977-06-01,7.64,7.28,6.76,5.8,,5.39
1977-07-01,7.64,7.33,6.84,5.94,,5.42
1977-08-01,7.68,7.4,7.03,6.37,,5.9
1977-09-01,7.64,7.34,7.04,6.53,,6.14
1977-10-01,7.77,7.52,7.32,6.97,,6.47
1977-11-01,7.85,7.58,7.34,6.95,,6.51
1977-12-01,7.94,7.69,7.48,6.96,,6.56
1978-01-01,8.18,7.96,7.77,7.28,,6.7
1978-02-01,8.25,8.03,7.83,7.34,,6.78
1978-03-01,8.23,8.04,7.86,7.31,,6.79
1978-04-01,8.34,8.15,7.98,7.45,,6.89
1978-05-01,8.43,8.35,8.18,7.82,,7.36
1978-06-01,8.5,8.46,8.36,8.09,,7.6
1978-07-01,8.65,8.64,8.54,8.39,,7.81
1978-08-01,8.47,8.41,8.33,8.31,,8.04
1978-09-01,8.47,8.42,8.43,8.64,,8.45
1978-10-01,8.67,8.64,8.61,9.14,,8.96
1978-11-01,8.75,8.81,8.84,10.01,,9.76
1978-12-01,8.88,9.01,9.08,10.3,,10.03
1979-01-01,8.94,9.1,9.2,10.41,,10.07
1979-02-01,9.0,9.1,9.13,10.24,,10.06
1979-03-01,9.03,9.12,9.2,10.25,,10.09
1979-04-01,9.08,9.18,9.25,10.12,,10.01
1979-05-01,9.19,9.25,9.24,10.12,,10.24
1979-06-01,8.92,8.91,8.85,9.57,,10.29
1979-07-01,8.93,8.95,8.9,9.64,,10.47
1979-08-01,8.98,9.03,9.06,9.98,,10.94
1979-09-01,9.17,9.33,9.41,10.84,,11.43
1979-10-01,9.85,10.3,10.63,12.44,,13.77
1979-11-01,10.3,10.65,10.93,12.39,,13.18
1979-12-01,10.12,10.39,10.42,11.98,,13.78
1980-01-01,10.6,10.8,10.74,12.06,,13.82
1980-02-01,12.13,12.41,12.6,13.92,,14.13
1980-03-01,12.34,12.75,13.47,15.82,,17.19
1980-04-01,11.4,11.47,11.84,13.3,,17.61
1980-05-01,10.36,10.18,9.95,9.39,,10.98
1980-06-01,9.81,9.78,9.21,8.16,,9.47
1980-07-01,10.24,10.25,9.53,8.65,,9.03
1980-08-01,11.0,11.1,10.84,10.24,,9.61
1980-09-01,11.34,11.51,11.62,11.52,,10.87
1980-10-01,11.59,11.75,11.86,12.49,,12.81
1980-11-01,12.37,12.68,12.83,14.15,,15.85
1980-12-01,12.4,12.84,13.25,14.88,,18.9
1981-01-01,12.14,12.57,12.77,14.08,,19.08
1981-02-01,12.8,13.19,13.41,14.57,,15.93
1981-03-01,12.69,13.12,13.41,13.71,,14.7
1981-04-01,13.2,13.68,13.99,14.32,,15.72
1981-05-01,13.6,14.1,14.63,16.2,,18.52
1981-06-01,12.96,13.47,13.95,14.86,,19.1
1981-07-01,13.59,14.28,14.79,15.72,,19.04
1981-08-01,14.17,14.94,15.56,16.72,,17.82
1981-09-01,14.67,15.32,15.93,16.52,15.61,15.87
1981-10-01,14.68,15.15,15.41,15.38,14.23,15.08
1981-11-01,13.35,13.39,13.38,12.41,11.35,13.31
1981-12-01,13.45,13.72,13.6,12.85,11.32,12.37
1982-01-01,14.22,14.59,14.65,14.32,12.92,13.22
1982-02-01,14.22,14.43,14.54,14.73,14.28,14.78
1982-03-01,13.53,13.86,13.98,13.95,13.31,14.68
1982-04-01,13.37,13.87,14.0,13.98,13.34,14.94
1982-05-01,13.24,13.62,13.75,13.34,12.71,14.45
1982-06-01,13.92,14.3,14.43,14.07,13.08,14.15
1982-07-01,13.55,13.95,14.07,13.24,11.86,12.59
1982-08-01,12.77,13.06,13.0,11.43,9.0,10.12
1982-09-01,12.07,12.34,12.25,10.85,8.19,10.31
1982-10-01,11.17,10.91,10.8,9.32,7.97,9.71
1982-11-01,10.54,10.55,10.38,9.16,8.35,9.2
1982-12-01,10.54,10.54,10.22,8.91,8.2,8.95
1983-01-01,10.63,10.46,10.03,8.62,8.12,8.68
1983-02-01,10.88,10.72,10.26,8.92,8.39,8.51
1983-03-01,10.63,10.51,10.08,9.04,8.66,8.77
1983-04-01,10.48,10.4,10.02,8.98,8.51,8.8
1983-05-01,10.53,10.38,10.03,8.9,8.5,8.63
1983-06-01,10.93,10.85,10.63,9.66,9.14,8.98
1983-07-01,11.4,11.38,11.21,10.2,9.45,9.37
1983-08-01,11.82,11.85,11.63,10.53,9.74,9.56
1983-09-01,11.63,11.65,11.43,10.16,9.36,9.45
1983-10-01,11.58,11.54,11.28,9.81,8.99,9.48
1983-11-01,11.75,11.69,11.41,9.94,9.11,9.34
1983-12-01,11.88,11.83,11.54,10.11,9.36,9.47
1984-01-01,11.75,11.67,11.37,9.9,9.26,9.56
1984-02-01,11.95,11.84,11.54,10.04,9.46,9.59
1984-03-01,12.38,12.32,12.02,10.59,9.89,9.91
1984-04-01,12.65,12.63,12.37,10.9,10.07,10.29
1984-05-01,13.43,13.41,13.17,11.66,10.22,10.32
1984-06-01,13.44,13.56,13.48,12.08,10.26,11.06
1984-07-01,13.21,13.36,13.27,12.03,10.53,11.23
1984-08-01,12.54,12.72,12.68,11.82,10.9,11.64
1984-09-01,12.29,12.52,12.53,11.58,10.8,11.3
1984-10-01,11.98,12.16,12.06,10.9,10.12,9.99
1984-11-01,11.56,11.57,11.33,9.82,8.92,9.43
1984-12-01,11.52,11.5,11.07,9.33,8.34,8.38
1985-01-01,11.45,11.38,10.93,9.02,8.02,8.35
1985-02-01,11.47,11.51,11.13,9.29,8.56,8.5
1985-03-01,11.81,11.86,11.52,9.86,8.83,8.58
1985-04-01,11.47,11.43,11.01,9.14,8.22,8.27
1985-05-01,11.05,10.85,10.34,8.46,7.73,7.97
1985-06-01,10.45,10.16,9.6,7.8,7.18,7.53
1985-07-01,10.5,10.31,9.7,7.86,7.32,7.88
1985-08-01,10.56,10.33,9.81,8.05,7.37,7.9
1985-09-01,10.61,10.37,9.81,8.07,7.33,7.92
1985-10-01,10.5,10.24,9.69,8.01,7.4,7.99
1985-11-01,10.06,9.78,9.28,7.88,7.48,8.05
1985-12-01,9.54,9.26,8.73,7.67,7.33,8.27
1986-01-01,9.4,9.19,8.68,7.73,7.3,8.14
1986-02-01,8.93,8.7,8.34,7.61,7.29,7.86
1986-03-01,7.96,7.78,7.46,7.03,6.76,7.48
1986-04-01,7.39,7.3,7.05,6.44,6.24,6.99
1986-05-01,7.52,7.71,7.52,6.65,6.33,6.85
1986-06-01,7.57,7.8,7.64,6.73,6.4,6.92
1986-07-01,7.27,7.3,7.06,6.27,6.0,6.56
1986-08-01,7.33,7.17,6.8,5.93,5.69,6.17
1986-09-01,7.62,7.45,6.92,5.77,5.35,5.89
1986-10-01,7.7,7.43,6.83,5.72,5.32,5.85
1986-11-01,7.52,7.25,6.76,5.8,5.5,6.04
1986-12-01,7.37,7.11,6.67,5.87,5.68,6.91
1987-01-01,7.39,7.08,6.64,5.78,5.58,6.43
1987-02-01,7.54,7.25,6.79,5.96,5.75,6.1
1987-03-01,7.55,7.25,6.79,6.03,5.77,6.13
1987-04-01,8.25,8.02,7.57,6.5,5.82,6.37
1987-05-01,8.78,8.61,8.26,7.0,5.85,6.85
1987-06-01,8.57,8.4,8.02,6.8,5.85,6.73
1987-07-01,8.64,8.45,8.01,6.68,5.88,6.58
1987-08-01,8.97,8.76,8.32,7.03,6.23,6.73
1987-09-01,9.59,9.42,8.94,7.67,6.62,7.22
1987-10-01,9.61,9.52,9.08,7.59,6.35,7.29
1987-11-01,8.95,8.86,8.35,6.96,5.89,6.69
1987-12-01,9.12,8.99,8.45,7.17,5.96,6.77
1988-01-01,8.83,8.67,8.18,6.99,6.0,6.83
1988-02-01,8.43,8.21,7.71,6.64,5.84,6.58
1988-03-01,8.63,8.37,7.83,6.71,5.87,6.58
1988-04-01,8.95,8.72,8.19,7.01,6.08,6.87
1988-05-01,9.23,9.09,8.58,7.4,6.45,7.09
1988-06-01,9.0,8.92,8.49,7.49,6.66,7.51
1988-07-01,9.14,9.06,8.66,7.75,6.95,7.75
1988-08-01,9.32,9.26,8.94,8.17,7.3,8.01
1988-09-01,9.06,8.98,8.69,8.09,7.48,8.19
1988-10-01,8.89,8.8,8.51,8.11,7.6,8.3
1988-11-01,9.02,8.96,8.79,8.48,8.03,8.35
1988-12-01,9.01,9.11,9.09,8.99,8.35,8.76
1989-01-01,8.93,9.09,9.15,9.05,8.56,9.12
1989-02-01,9.01,9.17,9.27,9.25,8.84,9.36
1989-03-01,9.17,9.36,9.51,9.57,9.14,9.85
1989-04-01,9.03,9.18,9.3,9.36,8.96,9.84
1989-05-01,8.83,8.86,8.91,8.98,8.74,9.81
1989-06-01,8.27,8.28,8.29,8.44,8.43,9.53
1989-07-01,8.08,8.02,7.83,7.89,8.15,9.24
1989-08-01,8.12,8.11,8.09,8.18,8.17,8.99
1989-09-01,8.15,8.19,8.17,8.22,8.01,9.02
1989-10-01,8.0,8.01,7.97,7.99,7.9,8.84
1989-11-01,7.9,7.87,7.81,7.77,7.94,8.55
1989-12-01,7.9,7.84,7.75,7.72,7.88,8.45
1990-01-01,8.26,8.21,8.12,7.92,7.9,8.23
1990-02-01,8.5,8.47,8.42,8.11,8.0,8.24
1990-03-01,8.56,8.59,8.6,8.35,8.17,8.28
1990-04-01,8.76,8.79,8.77,8.4,8.04,8.26
1990-05-01,8.73,8.76,8.74,8.32,8.01,8.18
1990-06-01,8.46,8.48,8.43,8.1,7.99,8.29
1990-07-01,8.5,8.47,8.33,7.94,7.87,8.15
1990-08-01,8.86,8.75,8.44,7.78,7.69,8.13
1990-09-01,9.03,8.89,8.51,7.76,7.6,8.2
1990-10-01,8.86,8.72,8.33,7.55,7.4,8.11
1990-11-01,8.54,8.39,8.02,7.31,7.29,7.81
1990-12-01,8.24,8.08,7.73,7.05,6.95,7.31
1991-01-01,8.27,8.09,7.7,6.64,6.41,6.91
1991-02-01,8.03,7.85,7.47,6.27,6.12,6.25
1991-03-01,8.29,8.11,7.77,6.4,6.09,6.12
1991-04-01,8.21,8.04,7.7,6.24,5.83,5.91
1991-05-01,8.27,8.07,7.7,6.13,5.63,5.78
1991-06-01,8.47,8.28,7.94,6.36,5.75,5.9
1991-07-01,8.45,8.27,7.91,6.31,5.75,5.82
1991-08-01,8.14,7.9,7.43,5.78,5.5,5.66
1991-09-01,7.95,7.65,7.14,5.57,5.37,5.45
1991-10-01,7.93,7.53,6.87,5.33,5.14,5.21
1991-11-01,7.92,7.42,6.62,4.89,4.69,4.81
1991-12-01,7.7,7.09,6.19,4.38,4.18,4.43
1992-01-01,7.58,7.03,6.24,4.15,3.91,4.03
1992-02-01,7.85,7.34,6.58,4.29,3.95,4.06
1992-03-01,7.97,7.54,6.95,4.63,4.14,3.98
1992-04-01,7.96,7.48,6.78,4.3,3.84,3.73
1992-05-01,7.89,7.39,6.69,4.19,3.72,3.82
1992-06-01,7.84,7.26,6.48,4.17,3.75,3.76
1992-07-01,7.6,6.84,5.84,3.6,3.28,3.25
1992-08-01,7.39,6.59,5.6,3.47,3.2,3.3
1992-09-01,7.34,6.42,5.38,3.18,2.97,3.22
1992-10-01,7.53,6.59,5.6,3.3,2.93,3.1
1992-11-01,7.61,6.87,6.04,3.68,3.21,3.09
1992-12-01,7.44,6.77,6.08,3.71,3.29,2.92
1993-01-01,7.34,6.6,5.83,3.5,3.07,3.02
1993-02-01,7.09,6.26,5.43,3.39,2.99,3.03
1993-03-01,6.82,5.98,5.19,3.33,3.01,3.07
1993-04-01,6.85,5.97,5.13,3.24,2.93,2.96
1993-05-01,6.92,6.04,5.2,3.36,3.03,3.0
1993-06-01,6.81,5.96,5.22,3.54,3.14,3.04
1993-07-01,6.63,5.81,5.09,3.47,3.11,3.06
1993-08-01,6.32,5.68,5.03,3.44,3.09,3.03
1993-09-01,6.0,5.36,4.73,3.36,3.01,3.09
1993-10-01,5.94,5.33,4.71,3.39,3.09,2.99
1993-11-01,6.21,5.72,5.06,3.58,3.18,3.02
1993-12-01,6.25,5.77,5.15,3.61,3.13,2.96
1994-01-01,6.29,5.75,5.09,3.54,3.04,3.05
1994-02-01,6.49,5.97,5.4,3.87,3.33,3.25
1994-03-01,6.91,6.48,5.94,4.32,3.59,3.34
1994-04-01,7.27,6.97,6.52,4.82,3.78,3.56
1994-05-01,7.41,7.18,6.78,5.31,4.27,4.01
1994-06-01,7.4,7.1,6.7,5.27,4.25,4.25
1994-07-01,7.58,7.3,6.91,5.48,4.46,4.26
1994-08-01,7.49,7.24,6.88,5.56,4.61,4.47
1994-09-01,7.71,7.46,7.08,5.76,4.75,4.73
1994-10-01,7.94,7.74,7.4,6.11,5.1,4.76
1994-11-01,8.08,7.96,7.72,6.54,5.45,5.29
1994-12-01,7.87,7.81,7.78,7.14,5.76,5.45
1995-01-01,7.85,7.78,7.76,7.05,5.9,5.53
1995-02-01,7.61,7.47,7.37,6.7,5.94,5.92
1995-03-01,7.45,7.2,7.05,6.43,5.91,5.98
1995-04-01,7.36,7.06,6.86,6.27,5.84,6.05
1995-05-01,6.95,6.63,6.41,6.0,5.85,6.01
1995-06-01,6.57,6.17,5.93,5.64,5.64,6.0
1995-07-01,6.72,6.28,6.01,5.59,5.59,5.85
1995-08-01,6.86,6.49,6.24,5.75,5.57,5.74
1995-09-01,6.55,6.2,6.0,5.62,5.43,5.8
1995-10-01,6.37,6.04,5.86,5.59,5.44,5.76
1995-11-01,6.26,5.93,5.69,5.43,5.52,5.8
1995-12-01,6.06,5.71,5.51,5.31,5.29,5.6
1996-01-01,6.05,5.65,5.36,5.09,5.15,5.56
1996-02-01,6.24,5.81,5.38,4.94,4.96,5.22
1996-03-01,6.6,6.27,5.97,5.34,5.1,5.31
1996-04-01,6.79,6.51,6.3,5.54,5.09,5.22
1996-05-01,6.93,6.74,6.48,5.64,5.15,5.24
1996-06-01,7.06,6.91,6.69,5.81,5.23,5.27
1996-07-01,7.03,6.87,6.64,5.85,5.3,5.4
1996-08-01,6.84,6.64,6.39,5.67,5.19,5.22
1996-09-01,7.03,6.83,6.6,5.83,5.24,5.3
1996-10-01,6.81,6.53,6.27,5.55,5.12,5.24
1996-11-01,6.48,6.2,5.97,5.42,5.17,5.31
1996-12-01,6.55,6.3,6.07,5.47,5.04,5.29
1997-01-01,6.83,6.58,6.33,5.61,5.17,5.25
1997-02-01,6.69,6.42,6.2,5.53,5.14,5.19
1997-03-01,6.93,6.69,6.54,5.8,5.28,5.39
1997-04-01,7.09,6.89,6.76,5.99,5.3,5.51
1997-05-01,6.94,6.71,6.57,5.87,5.2,5.5
1997-06-01,6.77,6.49,6.38,5.69,5.07,5.56
1997-07-01,6.51,6.22,6.12,5.54,5.19,5.52
1997-08-01,6.58,6.3,6.16,5.56,5.28,5.54
1997-09-01,6.5,6.21,6.11,5.52,5.08,5.54
1997-10-01,6.33,6.03,5.93,5.46,5.11,5.5
1997-11-01,6.11,5.88,5.8,5.46,5.28,5.52
1997-12-01,5.99,5.81,5.77,5.53,5.3,5.5
1998-01-01,5.81,5.54,5.42,5.24,5.18,5.56
1998-02-01,5.89,5.57,5.49,5.31,5.23,5.51
1998-03-01,5.95,5.65,5.61,5.39,5.16,5.49
1998-04-01,5.92,5.64,5.61,5.38,5.08,5.45
1998-05-01,5.93,5.65,5.63,5.44,5.14,5.49
1998-06-01,5.7,5.5,5.52,5.41,5.12,5.56
1998-07-01,5.68,5.46,5.46,5.36,5.09,5.54
1998-08-01,5.54,5.34,5.27,5.21,5.04,5.55
1998-09-01,5.2,4.81,4.62,4.71,4.74,5.51
1998-10-01,5.01,4.53,4.18,4.12,4.07,5.07
1998-11-01,5.25,4.83,4.54,4.53,4.53,4.83
1998-12-01,5.06,4.65,4.45,4.52,4.5,4.68
1999-01-01,5.16,4.72,4.6,4.51,4.45,4.63
1999-02-01,5.37,5.0,4.91,4.7,4.56,4.76
1999-03-01,5.58,5.23,5.14,4.78,4.57,4.81
1999-04-01,5.55,5.18,5.08,4.69,4.41,4.74
1999-05-01,5.81,5.54,5.44,4.85,4.63,4.74
1999-06-01,6.04,5.9,5.81,5.1,4.72,4.76
1999-07-01,5.98,5.79,5.68,5.03,4.69,4.99
1999-08-01,6.07,5.94,5.84,5.2,4.87,5.07
1999-09-01,6.07,5.92,5.8,5.25,4.82,5.22
1999-10-01,6.26,6.11,6.03,5.43,5.02,5.2
1999-11-01,6.15,6.03,5.97,5.55,5.23,5.42
1999-12-01,6.35,6.28,6.19,5.84,5.36,5.3
2000-01-01,6.63,6.66,6.58,6.12,5.5,5.45
2000-02-01,6.23,6.52,6.68,6.22,5.73,5.73
2000-03-01,6.05,6.26,6.5,6.22,5.86,5.85
2000-04-01,5.85,5.99,6.26,6.15,5.82,6.02
2000-05-01,6.15,6.44,6.69,6.33,5.99,6.27
2000-06-01,5.93,6.1,6.3,6.17,5.86,6.53
2000-07-01,5.85,6.05,6.18,6.08,6.14,6.54
2000-08-01,5.72,5.83,6.06,6.18,6.28,6.5
2000-09-01,5.83,5.8,5.93,6.13,6.18,6.52
2000-10-01,5.8,5.74,5.78,6.01,6.29,6.51
2000-11-01,5.78,5.72,5.7,6.09,6.36,6.51
2000-12-01,5.49,5.24,5.17,5.6,5.94,6.4
2001-01-01,5.54,5.16,4.86,4.81,5.29,5.98
2001-02-01,5.45,5.1,4.89,4.68,5.01,5.49
2001-03-01,5.34,4.89,4.64,4.3,4.54,5.31
2001-04-01,5.65,5.14,4.76,3.98,3.97,4.8
2001-05-01,5.78,5.39,4.93,3.78,3.7,4.21
2001-06-01,5.67,5.28,4.81,3.58,3.57,3.97
2001-07-01,5.61,5.24,4.76,3.62,3.59,3.77
2001-08-01,5.48,4.97,4.57,3.47,3.44,3.65
2001-09-01,5.48,4.73,4.12,2.82,2.69,3.07
2001-10-01,5.32,4.57,3.91,2.33,2.2,2.49
2001-11-01,5.12,4.65,3.97,2.18,1.91,2.09
2001-12-01,5.48,5.09,4.39,2.22,1.72,1.82
2002-01-01,5.45,5.04,4.34,2.16,1.68,1.73
2002-02-01,5.45,4.91,4.3,2.23,1.76,1.74
2002-03-01,5.81,5.28,4.74,2.57,1.83,1.73
2002-04-01,5.79,5.21,4.65,2.48,1.75,1.75
2002-05-01,5.76,5.16,4.49,2.35,1.76,1.75
2002-06-01,5.68,4.93,4.19,2.2,1.73,1.75
2002-07-01,5.59,4.65,3.81,1.96,1.71,1.73
2002-08-01,5.28,4.26,3.29,1.76,1.65,1.74
2002-09-01,4.96,3.87,2.94,1.72,1.66,1.75
2002-10-01,5.18,3.94,2.95,1.65,1.61,1.75
2002-11-01,5.18,4.05,3.05,1.49,1.25,1.34
2002-12-01,5.13,4.03,3.03,1.45,1.21,1.24
2003-01-01,5.14,4.05,3.05,1.36,1.19,1.24
2003-02-01,5.02,3.9,2.9,1.3,1.19,1.26
2003-03-01,5.03,3.81,2.78,1.24,1.15,1.25
2003-04-01,5.13,3.96,2.93,1.27,1.15,1.26
2003-05-01,4.76,3.57,2.52,1.18,1.09,1.26
2003-06-01,4.62,3.33,2.27,1.01,0.94,1.22
2003-07-01,5.13,3.98,2.87,1.12,0.92,1.01
2003-08-01,5.45,4.45,3.37,1.31,0.97,1.03
2003-09-01,5.28,4.27,3.18,1.24,0.96,1.01
2003-10-01,5.3,4.29,3.19,1.25,0.94,1.01
2003-11-01,5.25,4.3,3.29,1.34,0.95,1.0
2003-12-01,5.21,4.27,3.27,1.31,0.91,0.98
2004-01-01,5.13,4.15,3.12,1.24,0.9,1.0
2004-02-01,5.08,4.08,3.07,1.24,0.94,1.01
2004-03-01,4.9,3.83,2.79,1.19,0.95,1.0
2004-04-01,5.28,4.35,3.39,1.43,0.96,1.0
2004-05-01,5.51,4.72,3.85,1.78,1.04,1.0
2004-06-01,5.48,4.73,3.93,2.12,1.29,1.03
2004-07-01,5.31,4.5,3.69,2.1,1.36,1.26
2004-08-01,5.15,4.28,3.47,2.02,1.5,1.43
2004-09-01,4.98,4.13,3.36,2.12,1.68,1.61
2004-10-01,4.94,4.1,3.35,2.23,1.79,1.76
2004-11-01,4.95,4.19,3.53,2.5,2.11,1.93
2004-12-01,4.91,4.23,3.6,2.67,2.22,2.16
2005-01-01,4.77,4.22,3.71,2.86,2.37,2.28
2005-02-01,4.56,4.17,3.77,3.03,2.58,2.5
2005-03-01,4.77,4.5,4.17,3.3,2.8,2.63
2005-04-01,4.65,4.34,4.0,3.32,2.84,2.79
2005-05-01,4.49,4.14,3.85,3.33,2.9,3.0
2005-06-01,4.28,4.0,3.77,3.36,3.04,3.04
2005-07-01,4.38,4.18,3.98,3.64,3.29,3.26
2005-08-01,4.44,4.26,4.12,3.87,3.52,3.5
2005-09-01,4.45,4.2,4.01,3.85,3.49,3.62
2005-10-01,4.64,4.46,4.33,4.18,3.79,3.78
2005-11-01,4.7,4.54,4.45,4.33,3.97,4.0
2005-12-01,4.62,4.47,4.39,4.35,3.97,4.16
2006-01-01,4.57,4.42,4.35,4.45,4.34,4.29
2006-02-01,4.57,4.57,4.57,4.68,4.54,4.49
2006-03-01,4.73,4.72,4.72,4.77,4.63,4.59
2006-04-01,5.06,4.99,4.9,4.9,4.72,4.79
2006-05-01,5.2,5.11,5.0,5.0,4.84,4.94
2006-06-01,5.15,5.11,5.07,5.16,4.92,4.99
2006-07-01,5.13,5.09,5.04,5.22,5.08,5.24
2006-08-01,5.0,4.88,4.82,5.08,5.09,5.25
2006-09-01,4.85,4.72,4.67,4.97,4.93,5.25
2006-10-01,4.85,4.73,4.69,5.01,5.05,5.25
2006-11-01,4.69,4.6,4.58,5.01,5.07,5.25
2006-12-01,4.68,4.56,4.53,4.94,4.97,5.24
2007-01-01,4.85,4.76,4.75,5.06,5.11,5.25
2007-02-01,4.82,4.72,4.71,5.05,5.16,5.26
2007-03-01,4.72,4.56,4.48,4.92,5.08,5.26
2007-04-01,4.87,4.69,4.59,4.93,5.01,5.25
2007-05-01,4.9,4.75,4.67,4.91,4.87,5.25
2007-06-01,5.2,5.1,5.03,4.96,4.74,5.25
2007-07-01,5.11,5.0,4.88,4.96,4.96,5.26
2007-08-01,4.93,4.67,4.43,4.47,4.32,5.02
2007-09-01,4.79,4.52,4.2,4.14,3.99,4.94
2007-10-01,4.77,4.53,4.2,4.1,4.0,4.76
2007-11-01,4.52,4.15,3.67,3.5,3.35,4.49
2007-12-01,4.53,4.1,3.49,3.26,3.07,4.24
2008-01-01,4.33,3.74,2.98,2.71,2.82,3.94
2008-02-01,4.52,3.74,2.78,2.05,2.17,2.98
2008-03-01,4.39,3.51,2.48,1.54,1.28,2.61
2008-04-01,4.44,3.68,2.84,1.74,1.31,2.28
2008-05-01,4.6,3.88,3.15,2.06,1.76,1.98
2008-06-01,4.69,4.1,3.49,2.42,1.89,2.0
2008-07-01,4.57,4.01,3.3,2.28,1.66,2.01
2008-08-01,4.5,3.89,3.14,2.18,1.75,2.0
2008-09-01,4.27,3.69,2.88,1.91,1.15,1.81
2008-10-01,4.17,3.81,2.73,1.42,0.69,0.97
2008-11-01,4.0,3.53,2.29,1.07,0.19,0.39
2008-12-01,2.87,2.42,1.52,0.49,0.03,0.16
2009-01-01,3.13,2.52,1.6,0.44,0.13,0.15
2009-02-01,3.59,2.87,1.87,0.62,0.3,0.22
2009-03-01,3.64,2.82,1.82,0.64,0.22,0.18
2009-04-01,3.76,2.93,1.86,0.55,0.16,0.15
2009-05-01,4.23,3.29,2.13,0.5,0.18,0.18
2009-06-01,4.52,3.72,2.71,0.51,0.18,0.21
2009-07-01,4.41,3.56,2.46,0.48,0.18,0.16
2009-08-01,4.37,3.59,2.57,0.46,0.17,0.16
2009-09-01,4.19,3.4,2.37,0.4,0.12,0.15
2009-10-01,4.19,3.39,2.33,0.37,0.07,0.12
2009-11-01,4.31,3.4,2.23,0.31,0.05,0.12
2009-12-01,4.49,3.59,2.34,0.37,0.05,0.12
2010-01-01,4.6,3.73,2.48,0.35,0.06,0.11
2010-02-01,4.62,3.69,2.36,0.35,0.11,0.13
2010-03-01,4.64,3.73,2.43,0.4,0.15,0.16
2010-04-01,4.69,3.85,2.58,0.45,0.16,0.2
2010-05-01,4.29,3.42,2.18,0.37,0.16,0.2
2010-06-01,4.13,3.2,2.0,0.32,0.12,0.18
2010-07-01,3.99,3.01,1.76,0.29,0.16,0.18
2010-08-01,3.8,2.7,1.47,0.26,0.16,0.19
2010-09-01,3.77,2.65,1.41,0.26,0.15,0.19
2010-10-01,3.87,2.54,1.18,0.23,0.13,0.19
2010-11-01,4.19,2.76,1.35,0.25,0.14,0.19
2010-12-01,4.42,3.29,1.93,0.29,0.14,0.18
2011-01-01,4.52,3.39,1.99,0.27,0.15,0.17
2011-02-01,4.65,3.58,2.26,0.29,0.13,0.16
2011-03-01,4.51,3.41,2.11,0.26,0.1,0.14
2011-04-01,4.5,3.46,2.17,0.25,0.06,0.1
2011-05-01,4.29,3.17,1.84,0.19,0.04,0.09
2011-06-01,4.23,3.0,1.58,0.18,0.04,0.09
2011-07-01,4.27,3.0,1.54,0.19,0.04,0.07
2011-08-01,3.65,2.3,1.02,0.11,0.02,0.1
2011-09-01,3.18,1.98,0.9,0.1,0.01,0.08
2011-10-01,3.13,2.15,1.06,0.11,0.02,0.07
2011-11-01,3.02,2.01,0.91,0.11,0.01,0.08
2011-12-01,2.98,1.98,0.89,0.12,0.01,0.07
2012-01-01,3.03,1.97,0.84,0.12,0.03,0.08
2012-02-01,3.11,1.97,0.83,0.16,0.09,0.1
2012-03-01,3.28,2.17,1.02,0.19,0.08,0.13
2012-04-01,3.18,2.05,0.89,0.18,0.08,0.14
2012-05-01,2.93,1.8,0.76,0.19,0.09,0.16
2012-06-01,2.7,1.62,0.71,0.19,0.09,0.16
2012-07-01,2.59,1.53,0.62,0.19,0.1,0.16
2012-08-01,2.77,1.68,0.71,0.18,0.1,0.13
2012-09-01,2.88,1.72,0.67,0.18,0.11,0.14
2012-10-01,2.9,1.75,0.71,0.18,0.1,0.16
2012-11-01,2.8,1.65,0.67,0.18,0.09,0.16
2012-12-01,2.88,1.72,0.7,0.16,0.07,0.16
2013-01-01,3.08,1.91,0.81,0.15,0.07,0.14
2013-02-01,3.17,1.98,0.85,0.16,0.1,0.15
2013-03-01,3.16,1.96,0.82,0.15,0.09,0.14
2013-04-01,2.93,1.76,0.71,0.12,0.06,0.15
2013-05-01,3.11,1.93,0.84,0.12,0.04,0.11
2013-06-01,3.4,2.3,1.2,0.14,0.05,0.09
2013-07-01,3.61,2.58,1.4,0.12,0.04,0.09
2013-08-01,3.76,2.74,1.52,0.13,0.04,0.08
2013-09-01,3.79,2.81,1.6,0.12,0.02,0.08
2013-10-01,3.68,2.62,1.37,0.12,0.05,0.09
2013-11-01,3.8,2.72,1.37,0.12,0.07,0.08
2013-12-01,3.89,2.9,1.58,0.13,0.07,0.09
2014-01-01,3.77,2.86,1.65,0.12,0.04,0.07
2014-02-01,3.66,2.71,1.52,0.12,0.05,0.07
2014-03-01,3.62,2.72,1.64,0.13,0.05,0.08
2014-04-01,3.52,2.71,1.7,0.11,0.03,0.09
2014-05-01,3.39,2.56,1.59,0.1,0.03,0.09
2014-06-01,3.42,2.6,1.68,0.1,0.04,0.1
2014-07-01,3.33,2.54,1.7,0.11,0.03,0.09
2014-08-01,3.2,2.42,1.63,0.11,0.03,0.09
2014-09-01,3.26,2.53,1.77,0.11,0.02,0.09
2014-10-01,3.04,2.3,1.55,0.1,0.02,0.09
2014-11-01,3.04,2.33,1.62,0.13,0.02,0.09
2014-12-01,2.83,2.21,1.64,0.21,0.03,0.12
2015-01-01,2.46,1.88,1.37,0.2,0.03,0.11
2015-02-01,2.57,1.98,1.47,0.22,0.02,0.11
2015-03-01,2.63,2.04,1.52,0.25,0.03,0.11
2015-04-01,2.59,1.94,1.35,0.23,0.02,0.12
2015-05-01,2.96,2.2,1.54,0.24,0.02,0.12
2015-06-01,3.11,2.36,1.68,0.28,0.02,0.13
2015-07-01,3.07,2.32,1.63,0.3,0.03,0.13
2015-08-01,2.86,2.17,1.54,0.38,0.07,0.14
2015-09-01,2.95,2.17,1.49,0.37,0.02,0.14
2015-10-01,2.89,2.07,1.39,0.26,0.02,0.12
2015-11-01,3.03,2.26,1.67,0.48,0.13,0.12
2015-12-01,2.97,2.24,1.7,0.65,0.23,0.24
2016-01-01,2.86,2.09,1.52,0.54,0.26,0.34
2016-02-01,2.62,1.78,1.22,0.53,0.31,0.38
2016-03-01,2.68,1.89,1.38,0.66,0.3,0.36
2016-04-01,2.62,1.81,1.26,0.56,0.23,0.37
2016-05-01,2.63,1.81,1.3,0.59,0.28,0.37
2016-06-01,2.45,1.64,1.17,0.55,0.27,0.38
2016-07-01,2.23,1.5,1.07,0.51,0.3,0.39
2016-08-01,2.26,1.56,1.13,0.57,0.3,0.4
2016-09-01,2.35,1.63,1.18,0.59,0.29,0.4
2016-10-01,2.5,1.76,1.27,0.66,0.33,0.4
2016-11-01,2.86,2.14,1.6,0.74,0.45,0.41
2016-12-01,3.11,2.49,1.96,0.87,0.51,0.54
2017-01-01,3.02,2.43,1.92,0.83,0.52,0.65
2017-02-01,3.03,2.42,1.9,0.82,0.53,0.66
2017-03-01,3.08,2.48,2.01,1.01,0.75,0.79
2017-04-01,2.94,2.3,1.82,1.04,0.81,0.9
2017-05-01,2.96,2.3,1.84,1.12,0.9,0.91
2017-06-01,2.8,2.19,1.77,1.2,1.0,1.04
2017-07-01,2.88,2.32,1.87,1.22,1.09,1.15
2017-08-01,2.8,2.21,1.78,1.23,1.03,1.16
2017-09-01,2.78,2.2,1.8,1.28,1.05,1.15
2017-10-01,2.88,2.36,1.98,1.4,1.09,1.15
2017-11-01,2.8,2.35,2.05,1.56,1.25,1.16
2017-12-01,2.77,2.4,2.18,1.7,1.34,1.3
2018-01-01,2.88,2.58,2.38,1.8,1.43,1.41
2018-02-01,3.13,2.86,2.6,1.96,1.59,1.42
2018-03-01,3.09,2.84,2.63,2.06,1.73,1.51
2018-04-01,3.07,2.87,2.7,2.15,1.79,1.69
2018-05-01,3.13,2.98,2.82,2.27,1.9,1.7
2018-06-01,3.05,2.91,2.78,2.33,1.94,1.82
2018-07-01,3.01,2.89,2.78,2.39,1.99,1.91
2018-08-01,3.04,2.89,2.77,2.45,2.07,1.91
2018-09-01,3.15,3.0,2.89,2.56,2.17,1.95
2018-10-01,3.34,3.15,3.0,2.65,2.29,2.19
2018-11-01,3.36,3.12,2.95,2.7,2.37,2.2
2018-12-01,3.1,2.83,2.68,2.66,2.41,2.27
2019-01-01,3.04,2.71,2.54,2.58,2.42,2.4
2019-02-01,3.02,2.68,2.49,2.55,2.44,2.4
2019-03-01,2.98,2.57,2.37,2.49,2.45,2.41
2019-04-01,2.94,2.53,2.33,2.42,2.43,2.42
2019-05-01,2.82,2.4,2.19,2.34,2.4,2.39
2019-06-01,2.57,2.07,1.83,2.0,2.22,2.38
2019-07-01,2.57,2.06,1.83,1.96,2.15,2.4
2019-08-01,2.12,1.63,1.49,1.77,1.99,2.13
2019-09-01,2.16,1.7,1.57,1.8,1.93,2.04
2019-10-01,2.19,1.71,1.53,1.61,1.68,1.83
2019-11-01,2.28,1.81,1.64,1.57,1.57,1.55
2019-12-01,2.3,1.86,1.68,1.55,1.57,1.55
2020-01-01,2.22,1.76,1.56,1.53,1.55,1.55
2020-02-01,1.97,1.5,1.32,1.41,1.54,1.58
2020-03-01,1.46,0.87,0.59,0.33,0.3,0.65
2020-04-01,1.27,0.66,0.39,0.18,0.14,0.05
2020-05-01,1.38,0.67,0.34,0.16,0.13,0.05
2020-06-01,1.49,0.73,0.34,0.18,0.16,0.08
2020-07-01,1.31,0.62,0.28,0.15,0.13,0.09
2020-08-01,1.36,0.65,0.27,0.13,0.1,0.1
2020-09-01,1.42,0.68,0.27,0.13,0.11,0.09
2020-10-01,1.57,0.79,0.34,0.13,0.1,0.09
2020-11-01,1.62,0.87,0.39,0.12,0.09,0.09
2020-12-01,1.67,0.93,0.39,0.1,0.09,0.09
2021-01-01,1.82,1.08,0.45,0.1,0.08,0.09
2021-02-01,2.04,1.26,0.54,0.07,0.04,0.08
2021-03-01,2.34,1.61,0.82,0.08,0.03,0.07
2021-04-01,2.3,1.64,0.86,0.06,0.02,0.07
2021-05-01,2.32,1.62,0.82,0.05,0.02,0.06
2021-06-01,2.16,1.52,0.84,0.07,0.04,0.08
2021-07-01,1.94,1.32,0.76,0.08,0.05,0.1
2021-08-01,1.92,1.28,0.77,0.07,0.05,0.09
2021-09-01,1.94,1.37,0.86,0.08,0.04,0.08
2021-10-01,2.06,1.58,1.11,0.11,0.05,0.08
2021-11-01,1.94,1.56,1.2,0.18,0.05,0.08
2021-12-01,1.85,1.47,1.23,0.3,0.06,0.08
2022-01-01,2.1,1.76,1.54,0.55,0.15,0.08
2022-02-01,2.25,1.93,1.81,1.0,0.31,0.08
2022-03-01,2.41,2.13,2.11,1.34,0.45,0.2
2022-04-01,2.81,2.75,2.78,1.89,0.76,0.33
2022-05-01,3.07,2.9,2.87,2.06,0.99,0.77
2022-06-01,3.25,3.14,3.19,2.65,1.54,1.21
2022-07-01,3.1,2.9,2.96,3.02,2.3,1.68
2022-08-01,3.13,2.9,3.03,3.28,2.72,2.33
2022-09-01,3.56,3.52,3.7,3.89,3.22,2.56
2022-10-01,4.04,3.98,4.18,4.43,3.87,3.08
2022-11-01,4.0,3.89,4.06,4.73,4.32,3.78
