,date,temp,date2
0,2022-12-01 04:50:00+00:00,1,2022-12-01T04:50:00
1,2022-12-01 06:50:00+00:00,2,2022-12-01T06:50:00
2,2022-12-01 08:20:00+00:00,1,2022-12-01T08:20:00
3,2022-12-01 10:50:00+00:00,2,2022-12-01T10:50:00
4,2022-12-01 16:20:00+00:00,3,2022-12-01T16:20:00
5,2022-12-01 17:20:00+00:00,3,2022-12-01T17:20:00
6,2022-12-01 19:20:00+00:00,3,2022-12-01T19:20:00
7,2022-12-01 20:50:00+00:00,2,2022-12-01T20:50:00
8,2022-12-01 23:50:00+00:00,-1,2022-12-01T23:50:00
9,2022-12-02 01:50:00+00:00,0,2022-12-02T01:50:00
10,2022-12-02 07:50:00+00:00,0,2022-12-02T07:50:00
11,2022-12-02 11:20:00+00:00,1,2022-12-02T11:20:00
12,2022-12-02 11:50:00+00:00,2,2022-12-02T11:50:00
13,2022-12-02 15:20:00+00:00,3,2022-12-02T15:20:00
14,2022-12-02 18:50:00+00:00,4,2022-12-02T18:50:00
15,2022-12-02 19:50:00+00:00,4,2022-12-02T19:50:00
16,2022-12-02 20:20:00+00:00,4,2022-12-02T20:20:00
17,2022-12-02 20:50:00+00:00,4,2022-12-02T20:50:00
18,2022-12-04 01:50:00+00:00,3,2022-12-04T01:50:00
19,2022-12-04 03:20:00+00:00,2,2022-12-04T03:20:00
20,2022-12-04 03:50:00+00:00,2,2022-12-04T03:50:00
21,2022-12-04 07:20:00+00:00,2,2022-12-04T07:20:00
22,2022-12-04 09:20:00+00:00,2,2022-12-04T09:20:00
23,2022-12-04 12:50:00+00:00,3,2022-12-04T12:50:00
24,2022-12-04 19:50:00+00:00,4,2022-12-04T19:50:00
25,2022-12-04 21:20:00+00:00,3,2022-12-04T21:20:00
26,2022-12-04 23:50:00+00:00,3,2022-12-04T23:50:00
27,2022-12-03 02:20:00+00:00,4,2022-12-03T02:20:00
28,2022-12-03 05:20:00+00:00,4,2022-12-03T05:20:00
29,2022-12-03 07:50:00+00:00,4,2022-12-03T07:50:00
30,2022-12-03 11:20:00+00:00,4,2022-12-03T11:20:00
31,2022-12-03 12:50:00+00:00,5,2022-12-03T12:50:00
32,2022-12-03 13:50:00+00:00,5,2022-12-03T13:50:00
33,2022-12-03 16:20:00+00:00,5,2022-12-03T16:20:00
34,2022-12-05 03:20:00+00:00,3,2022-12-05T03:20:00
35,2022-12-05 07:50:00+00:00,3,2022-12-05T07:50:00
36,2022-12-05 09:50:00+00:00,4,2022-12-05T09:50:00
37,2022-12-05 15:20:00+00:00,6,2022-12-05T15:20:00
38,2022-12-05 16:20:00+00:00,6,2022-12-05T16:20:00
39,2022-12-05 16:50:00+00:00,6,2022-12-05T16:50:00
40,2022-12-05 18:50:00+00:00,6,2022-12-05T18:50:00
41,2022-12-05 21:50:00+00:00,5,2022-12-05T21:50:00
42,2022-12-06 02:50:00+00:00,4,2022-12-06T02:50:00
43,2022-12-06 07:50:00+00:00,3,2022-12-06T07:50:00
44,2022-12-06 09:20:00+00:00,3,2022-12-06T09:20:00
45,2022-12-06 17:50:00+00:00,4,2022-12-06T17:50:00
46,2022-12-06 19:20:00+00:00,4,2022-12-06T19:20:00
47,2022-12-06 21:50:00+00:00,3,2022-12-06T21:50:00
48,2022-12-06 22:50:00+00:00,3,2022-12-06T22:50:00
49,2022-12-07 03:50:00+00:00,1,2022-12-07T03:50:00
50,2022-12-07 12:50:00+00:00,3,2022-12-07T12:50:00
51,2022-12-07 15:50:00+00:00,2,2022-12-07T15:50:00
52,2022-12-07 23:50:00+00:00,0,2022-12-07T23:50:00
53,2022-12-03 06:50:00+00:00,4,2022-12-03T06:50:00
54,2022-12-03 13:20:00+00:00,5,2022-12-03T13:20:00
55,2022-12-03 19:20:00+00:00,4,2022-12-03T19:20:00
56,2022-12-01 13:50:00+00:00,4,2022-12-01T13:50:00
57,2022-12-01 14:50:00+00:00,3,2022-12-01T14:50:00
58,2022-12-01 15:50:00+00:00,3,2022-12-01T15:50:00
59,2022-12-01 23:20:00+00:00,0,2022-12-01T23:20:00
60,2022-12-02 06:50:00+00:00,0,2022-12-02T06:50:00
61,2022-12-02 09:50:00+00:00,0,2022-12-02T09:50:00
62,2022-12-02 18:20:00+00:00,3,2022-12-02T18:20:00
63,2022-12-04 02:20:00+00:00,3,2022-12-04T02:20:00
64,2022-12-04 04:50:00+00:00,2,2022-12-04T04:50:00
65,2022-12-04 12:20:00+00:00,3,2022-12-04T12:20:00
66,2022-12-04 14:50:00+00:00,3,2022-12-04T14:50:00
67,2022-12-04 16:50:00+00:00,4,2022-12-04T16:50:00
68,2022-12-04 17:50:00+00:00,4,2022-12-04T17:50:00
69,2022-12-04 18:20:00+00:00,4,2022-12-04T18:20:00
70,2022-12-15 04:50:00+00:00,-4,2022-12-15T04:50:00
71,2022-12-15 05:50:00+00:00,-5,2022-12-15T05:50:00
72,2022-12-15 10:50:00+00:00,-2,2022-12-15T10:50:00
73,2022-12-15 13:50:00+00:00,0,2022-12-15T13:50:00
74,2022-12-15 14:20:00+00:00,0,2022-12-15T14:20:00
75,2022-12-15 14:50:00+00:00,0,2022-12-15T14:50:00
76,2022-12-15 15:20:00+00:00,0,2022-12-15T15:20:00
77,2022-12-15 15:50:00+00:00,0,2022-12-15T15:50:00
78,2022-12-15 19:50:00+00:00,-1,2022-12-15T19:50:00
79,2022-12-15 21:20:00+00:00,-1,2022-12-15T21:20:00
80,2022-12-15 22:50:00+00:00,-1,2022-12-15T22:50:00
81,2022-12-05 02:20:00+00:00,3,2022-12-05T02:20:00
82,2022-12-05 03:50:00+00:00,3,2022-12-05T03:50:00
83,2022-12-05 05:50:00+00:00,3,2022-12-05T05:50:00
84,2022-12-05 10:20:00+00:00,4,2022-12-05T10:20:00
85,2022-12-05 17:20:00+00:00,6,2022-12-05T17:20:00
86,2022-12-05 17:50:00+00:00,6,2022-12-05T17:50:00
87,2022-12-06 08:20:00+00:00,3,2022-12-06T08:20:00
88,2022-12-06 11:20:00+00:00,4,2022-12-06T11:20:00
89,2022-12-06 14:20:00+00:00,5,2022-12-06T14:20:00
90,2022-12-07 03:20:00+00:00,1,2022-12-07T03:20:00
91,2022-12-07 07:20:00+00:00,1,2022-12-07T07:20:00
92,2022-12-07 08:50:00+00:00,0,2022-12-07T08:50:00
93,2022-12-07 12:20:00+00:00,3,2022-12-07T12:20:00
94,2022-12-07 14:50:00+00:00,3,2022-12-07T14:50:00
95,2022-12-07 17:50:00+00:00,2,2022-12-07T17:50:00
96,2022-12-07 20:20:00+00:00,0,2022-12-07T20:20:00
97,2022-12-07 21:20:00+00:00,0,2022-12-07T21:20:00
98,2022-12-07 23:20:00+00:00,1,2022-12-07T23:20:00
99,2022-12-08 02:50:00+00:00,0,2022-12-08T02:50:00
100,2022-12-08 17:20:00+00:00,1,2022-12-08T17:20:00
101,2022-12-09 01:20:00+00:00,-3,2022-12-09T01:20:00
102,2022-12-09 02:20:00+00:00,-3,2022-12-09T02:20:00
103,2022-12-09 06:20:00+00:00,-1,2022-12-09T06:20:00
104,2022-12-09 09:50:00+00:00,0,2022-12-09T09:50:00
105,2022-12-09 10:50:00+00:00,1,2022-12-09T10:50:00
106,2022-12-09 14:50:00+00:00,2,2022-12-09T14:50:00
107,2022-12-09 20:20:00+00:00,0,2022-12-09T20:20:00
108,2022-12-10 00:20:00+00:00,1,2022-12-10T00:20:00
109,2022-12-10 00:50:00+00:00,1,2022-12-10T00:50:00
110,2022-12-10 07:20:00+00:00,0,2022-12-10T07:20:00
111,2022-12-10 08:20:00+00:00,0,2022-12-10T08:20:00
112,2022-12-11 02:50:00+00:00,-1,2022-12-11T02:50:00
113,2022-12-11 04:20:00+00:00,0,2022-12-11T04:20:00
114,2022-12-11 06:50:00+00:00,0,2022-12-11T06:50:00
115,2022-12-11 09:50:00+00:00,0,2022-12-11T09:50:00
116,2022-12-11 14:20:00+00:00,0,2022-12-11T14:20:00
117,2022-12-12 01:20:00+00:00,-1,2022-12-12T01:20:00
118,2022-12-12 12:20:00+00:00,-2,2022-12-12T12:20:00
119,2022-12-12 20:50:00+00:00,-2,2022-12-12T20:50:00
120,2022-12-12 22:20:00+00:00,-1,2022-12-12T22:20:00
121,2022-12-13 05:20:00+00:00,-2,2022-12-13T05:20:00
122,2022-12-13 09:20:00+00:00,-2,2022-12-13T09:20:00
123,2022-12-13 13:50:00+00:00,0,2022-12-13T13:50:00
124,2022-12-13 15:20:00+00:00,-1,2022-12-13T15:20:00
125,2022-12-13 23:20:00+00:00,-2,2022-12-13T23:20:00
126,2022-12-14 01:20:00+00:00,-2,2022-12-14T01:20:00
127,2022-12-14 05:50:00+00:00,-3,2022-12-14T05:50:00
128,2022-12-14 15:50:00+00:00,-2,2022-12-14T15:50:00
129,2022-12-14 18:20:00+00:00,-2,2022-12-14T18:20:00
130,2022-12-17 06:50:00+00:00,3,2022-12-17T06:50:00
131,2022-12-17 08:20:00+00:00,3,2022-12-17T08:20:00
132,2022-12-17 08:50:00+00:00,3,2022-12-17T08:50:00
133,2022-12-17 12:20:00+00:00,4,2022-12-17T12:20:00
134,2022-12-17 12:50:00+00:00,5,2022-12-17T12:50:00
135,2022-12-17 14:20:00+00:00,5,2022-12-17T14:20:00
136,2022-12-18 04:20:00+00:00,0,2022-12-18T04:20:00
137,2022-12-18 04:50:00+00:00,0,2022-12-18T04:50:00
138,2022-12-18 10:20:00+00:00,2,2022-12-18T10:20:00
139,2022-12-18 15:50:00+00:00,8,2022-12-18T15:50:00
140,2022-12-18 20:50:00+00:00,11,2022-12-18T20:50:00
141,2022-12-19 07:20:00+00:00,12,2022-12-19T07:20:00
142,2022-12-19 10:20:00+00:00,12,2022-12-19T10:20:00
143,2022-12-19 20:20:00+00:00,12,2022-12-19T20:20:00
144,2022-12-19 23:50:00+00:00,12,2022-12-19T23:50:00
145,2022-12-12 05:50:00+00:00,-1,2022-12-12T05:50:00
146,2022-12-12 08:20:00+00:00,-2,2022-12-12T08:20:00
147,2022-12-12 19:20:00+00:00,-2,2022-12-12T19:20:00
148,2022-12-08 06:20:00+00:00,0,2022-12-08T06:20:00
149,2022-12-08 07:50:00+00:00,0,2022-12-08T07:50:00
150,2022-12-08 13:50:00+00:00,3,2022-12-08T13:50:00
151,2022-12-08 16:50:00+00:00,1,2022-12-08T16:50:00
152,2022-12-08 17:50:00+00:00,1,2022-12-08T17:50:00
153,2022-12-09 01:50:00+00:00,-2,2022-12-09T01:50:00
154,2022-12-09 04:50:00+00:00,-2,2022-12-09T04:50:00
155,2022-12-09 11:20:00+00:00,1,2022-12-09T11:20:00
156,2022-12-09 19:50:00+00:00,0,2022-12-09T19:50:00
157,2022-12-10 01:20:00+00:00,1,2022-12-10T01:20:00
158,2022-12-10 01:50:00+00:00,1,2022-12-10T01:50:00
159,2022-12-10 08:50:00+00:00,0,2022-12-10T08:50:00
160,2022-12-10 12:50:00+00:00,3,2022-12-10T12:50:00
161,2022-12-10 14:50:00+00:00,3,2022-12-10T14:50:00
162,2022-12-10 17:50:00+00:00,1,2022-12-10T17:50:00
163,2022-12-10 18:50:00+00:00,1,2022-12-10T18:50:00
164,2022-12-10 20:50:00+00:00,1,2022-12-10T20:50:00
165,2022-12-10 22:50:00+00:00,0,2022-12-10T22:50:00
166,2022-12-11 00:20:00+00:00,0,2022-12-11T00:20:00
167,2022-12-11 04:50:00+00:00,0,2022-12-11T04:50:00
168,2022-12-11 07:50:00+00:00,0,2022-12-11T07:50:00
169,2022-12-11 08:20:00+00:00,1,2022-12-11T08:20:00
170,2022-12-11 08:50:00+00:00,0,2022-12-11T08:50:00
171,2022-12-11 17:20:00+00:00,0,2022-12-11T17:20:00
172,2022-12-11 18:50:00+00:00,0,2022-12-11T18:50:00
173,2022-12-11 22:20:00+00:00,0,2022-12-11T22:20:00
174,2022-12-13 02:50:00+00:00,-1,2022-12-13T02:50:00
175,2022-12-13 06:50:00+00:00,-2,2022-12-13T06:50:00
176,2022-12-13 11:20:00+00:00,-1,2022-12-13T11:20:00
177,2022-12-13 12:20:00+00:00,0,2022-12-13T12:20:00
178,2022-12-13 13:20:00+00:00,0,2022-12-13T13:20:00
179,2022-12-13 17:50:00+00:00,-1,2022-12-13T17:50:00
180,2022-12-13 20:20:00+00:00,-2,2022-12-13T20:20:00
181,2022-12-13 20:50:00+00:00,-2,2022-12-13T20:50:00
182,2022-12-13 21:20:00+00:00,-2,2022-12-13T21:20:00
183,2022-12-03 05:50:00+00:00,4,2022-12-03T05:50:00
184,2022-12-03 08:50:00+00:00,4,2022-12-03T08:50:00
185,2022-12-03 17:20:00+00:00,4,2022-12-03T17:20:00
186,2022-12-03 17:50:00+00:00,4,2022-12-03T17:50:00
187,2022-12-03 18:50:00+00:00,4,2022-12-03T18:50:00
188,2022-12-01 00:50:00+00:00,1,2022-12-01T00:50:00
189,2022-12-01 01:20:00+00:00,2,2022-12-01T01:20:00
190,2022-12-01 02:20:00+00:00,1,2022-12-01T02:20:00
191,2022-12-01 07:50:00+00:00,1,2022-12-01T07:50:00
192,2022-12-01 11:50:00+00:00,3,2022-12-01T11:50:00
193,2022-12-01 12:50:00+00:00,4,2022-12-01T12:50:00
194,2022-12-01 13:20:00+00:00,4,2022-12-01T13:20:00
195,2022-12-01 14:20:00+00:00,4,2022-12-01T14:20:00
196,2022-12-01 16:50:00+00:00,3,2022-12-01T16:50:00
197,2022-12-01 21:50:00+00:00,1,2022-12-01T21:50:00
198,2022-12-02 00:20:00+00:00,0,2022-12-02T00:20:00
199,2022-12-02 03:20:00+00:00,0,2022-12-02T03:20:00
200,2022-12-02 05:50:00+00:00,0,2022-12-02T05:50:00
201,2022-12-02 09:20:00+00:00,0,2022-12-02T09:20:00
202,2022-12-02 14:50:00+00:00,3,2022-12-02T14:50:00
203,2022-12-02 16:20:00+00:00,3,2022-12-02T16:20:00
204,2022-12-04 08:20:00+00:00,2,2022-12-04T08:20:00
205,2022-12-04 10:50:00+00:00,2,2022-12-04T10:50:00
206,2022-12-04 13:20:00+00:00,3,2022-12-04T13:20:00
207,2022-12-04 16:20:00+00:00,3,2022-12-04T16:20:00
208,2022-12-04 17:20:00+00:00,4,2022-12-04T17:20:00
209,2022-12-04 22:50:00+00:00,3,2022-12-04T22:50:00
210,2022-12-05 05:20:00+00:00,3,2022-12-05T05:20:00
211,2022-12-05 08:50:00+00:00,4,2022-12-05T08:50:00
212,2022-12-05 13:20:00+00:00,6,2022-12-05T13:20:00
213,2022-12-05 15:50:00+00:00,6,2022-12-05T15:50:00
214,2022-12-05 21:20:00+00:00,5,2022-12-05T21:20:00
215,2022-12-05 22:20:00+00:00,5,2022-12-05T22:20:00
216,2022-12-08 02:20:00+00:00,0,2022-12-08T02:20:00
217,2022-12-08 04:50:00+00:00,0,2022-12-08T04:50:00
218,2022-12-08 07:20:00+00:00,1,2022-12-08T07:20:00
219,2022-12-08 09:20:00+00:00,1,2022-12-08T09:20:00
220,2022-12-08 12:50:00+00:00,3,2022-12-08T12:50:00
221,2022-12-08 15:20:00+00:00,3,2022-12-08T15:20:00
222,2022-12-08 15:50:00+00:00,2,2022-12-08T15:50:00
223,2022-12-08 19:50:00+00:00,0,2022-12-08T19:50:00
224,2022-12-08 21:20:00+00:00,0,2022-12-08T21:20:00
225,2022-12-08 23:20:00+00:00,-1,2022-12-08T23:20:00
226,2022-12-08 23:50:00+00:00,-2,2022-12-08T23:50:00
227,2022-12-09 03:20:00+00:00,-3,2022-12-09T03:20:00
228,2022-12-09 05:50:00+00:00,-2,2022-12-09T05:50:00
229,2022-12-09 08:20:00+00:00,0,2022-12-09T08:20:00
230,2022-12-09 08:50:00+00:00,0,2022-12-09T08:50:00
231,2022-12-09 12:50:00+00:00,2,2022-12-09T12:50:00
232,2022-12-09 21:20:00+00:00,1,2022-12-09T21:20:00
233,2022-12-10 02:50:00+00:00,1,2022-12-10T02:50:00
234,2022-12-10 03:50:00+00:00,0,2022-12-10T03:50:00
235,2022-12-10 05:50:00+00:00,0,2022-12-10T05:50:00
236,2022-12-10 06:50:00+00:00,0,2022-12-10T06:50:00
237,2022-12-10 11:20:00+00:00,2,2022-12-10T11:20:00
238,2022-12-10 16:20:00+00:00,2,2022-12-10T16:20:00
239,2022-12-10 21:20:00+00:00,1,2022-12-10T21:20:00
240,2022-12-10 21:50:00+00:00,1,2022-12-10T21:50:00
241,2022-12-11 00:50:00+00:00,1,2022-12-11T00:50:00
242,2022-12-11 03:20:00+00:00,0,2022-12-11T03:20:00
243,2022-12-11 11:20:00+00:00,-1,2022-12-11T11:20:00
244,2022-12-11 16:50:00+00:00,0,2022-12-11T16:50:00
245,2022-12-11 18:20:00+00:00,0,2022-12-11T18:20:00
246,2022-12-11 19:20:00+00:00,0,2022-12-11T19:20:00
247,2022-12-11 21:20:00+00:00,0,2022-12-11T21:20:00
248,2022-12-11 22:50:00+00:00,0,2022-12-11T22:50:00
249,2022-12-11 23:50:00+00:00,0,2022-12-11T23:50:00
250,2022-12-12 00:50:00+00:00,0,2022-12-12T00:50:00
251,2022-12-12 09:20:00+00:00,-2,2022-12-12T09:20:00
252,2022-12-12 14:20:00+00:00,-1,2022-12-12T14:20:00
253,2022-12-12 15:20:00+00:00,-1,2022-12-12T15:20:00
254,2022-12-12 21:50:00+00:00,-2,2022-12-12T21:50:00
255,2022-12-12 23:20:00+00:00,-1,2022-12-12T23:20:00
256,2022-12-16 00:20:00+00:00,-2,2022-12-16T00:20:00
257,2022-12-16 00:50:00+00:00,-2,2022-12-16T00:50:00
258,2022-12-16 09:20:00+00:00,-1,2022-12-16T09:20:00
259,2022-12-16 15:50:00+00:00,1,2022-12-16T15:50:00
260,2022-12-16 17:20:00+00:00,-1,2022-12-16T17:20:00
261,2022-12-17 01:20:00+00:00,2,2022-12-17T01:20:00
262,2022-12-17 04:50:00+00:00,3,2022-12-17T04:50:00
263,2022-12-17 05:20:00+00:00,3,2022-12-17T05:20:00
264,2022-12-17 11:20:00+00:00,5,2022-12-17T11:20:00
265,2022-12-17 13:20:00+00:00,5,2022-12-17T13:20:00
266,2022-12-17 15:20:00+00:00,5,2022-12-17T15:20:00
267,2022-12-17 16:20:00+00:00,4,2022-12-17T16:20:00
268,2022-12-17 19:20:00+00:00,2,2022-12-17T19:20:00
269,2022-12-17 22:50:00+00:00,2,2022-12-17T22:50:00
270,2022-12-18 02:50:00+00:00,0,2022-12-18T02:50:00
271,2022-12-18 03:50:00+00:00,0,2022-12-18T03:50:00
272,2022-12-18 05:20:00+00:00,1,2022-12-18T05:20:00
273,2022-12-18 06:20:00+00:00,1,2022-12-18T06:20:00
274,2022-12-18 07:20:00+00:00,2,2022-12-18T07:20:00
275,2022-12-18 10:50:00+00:00,2,2022-12-18T10:50:00
276,2022-12-18 19:50:00+00:00,11,2022-12-18T19:50:00
277,2022-12-18 20:20:00+00:00,11,2022-12-18T20:20:00
278,2022-12-15 02:20:00+00:00,-4,2022-12-15T02:20:00
279,2022-12-15 02:50:00+00:00,-4,2022-12-15T02:50:00
280,2022-12-15 16:50:00+00:00,-1,2022-12-15T16:50:00
281,2022-12-15 17:20:00+00:00,-1,2022-12-15T17:20:00
282,2022-12-15 21:50:00+00:00,-1,2022-12-15T21:50:00
283,2022-12-14 03:50:00+00:00,-3,2022-12-14T03:50:00
284,2022-12-14 20:20:00+00:00,-3,2022-12-14T20:20:00
285,2022-12-14 22:20:00+00:00,-3,2022-12-14T22:20:00
286,2022-12-13 14:20:00+00:00,0,2022-12-13T14:20:00
287,2022-12-13 19:50:00+00:00,-2,2022-12-13T19:50:00
288,2022-12-13 22:20:00+00:00,-2,2022-12-13T22:20:00
289,2022-12-06 02:20:00+00:00,4,2022-12-06T02:20:00
290,2022-12-06 09:50:00+00:00,3,2022-12-06T09:50:00
291,2022-12-06 18:20:00+00:00,4,2022-12-06T18:20:00
292,2022-12-06 20:20:00+00:00,4,2022-12-06T20:20:00
293,2022-12-07 01:20:00+00:00,2,2022-12-07T01:20:00
294,2022-12-07 02:20:00+00:00,2,2022-12-07T02:20:00
295,2022-12-07 02:50:00+00:00,2,2022-12-07T02:50:00
296,2022-12-07 04:50:00+00:00,1,2022-12-07T04:50:00
297,2022-12-07 06:20:00+00:00,1,2022-12-07T06:20:00
298,2022-12-07 09:20:00+00:00,1,2022-12-07T09:20:00
299,2022-12-07 17:20:00+00:00,1,2022-12-07T17:20:00
300,2022-12-07 19:20:00+00:00,0,2022-12-07T19:20:00
301,2022-12-07 19:50:00+00:00,1,2022-12-07T19:50:00
302,2022-12-25 02:20:00+00:00,10,2022-12-25T02:20:00
303,2022-12-25 06:20:00+00:00,10,2022-12-25T06:20:00
304,2022-12-25 06:50:00+00:00,10,2022-12-25T06:50:00
305,2022-12-25 07:20:00+00:00,10,2022-12-25T07:20:00
306,2022-12-25 08:50:00+00:00,10,2022-12-25T08:50:00
307,2022-12-25 09:20:00+00:00,10,2022-12-25T09:20:00
308,2022-12-25 12:20:00+00:00,8,2022-12-25T12:20:00
309,2022-12-25 13:20:00+00:00,8,2022-12-25T13:20:00
310,2022-12-25 14:50:00+00:00,9,2022-12-25T14:50:00
311,2022-12-25 17:50:00+00:00,9,2022-12-25T17:50:00
312,2022-12-25 19:50:00+00:00,9,2022-12-25T19:50:00
313,2022-12-22 02:20:00+00:00,6,2022-12-22T02:20:00
314,2022-12-22 16:50:00+00:00,9,2022-12-22T16:50:00
315,2022-12-22 17:20:00+00:00,9,2022-12-22T17:20:00
316,2022-12-20 05:50:00+00:00,7,2022-12-20T05:50:00
317,2022-12-20 15:50:00+00:00,8,2022-12-20T15:50:00
318,2022-12-20 16:50:00+00:00,7,2022-12-20T16:50:00
319,2022-12-21 05:20:00+00:00,8,2022-12-21T05:20:00
320,2022-12-21 06:50:00+00:00,8,2022-12-21T06:50:00
321,2022-12-21 09:20:00+00:00,7,2022-12-21T09:20:00
322,2022-12-21 11:50:00+00:00,9,2022-12-21T11:50:00
323,2022-12-21 17:20:00+00:00,8,2022-12-21T17:20:00
324,2022-12-23 01:20:00+00:00,8,2022-12-23T01:20:00
325,2022-12-23 04:20:00+00:00,7,2022-12-23T04:20:00
326,2022-12-23 11:50:00+00:00,11,2022-12-23T11:50:00
327,2022-12-23 16:20:00+00:00,9,2022-12-23T16:20:00
328,2022-12-23 20:20:00+00:00,9,2022-12-23T20:20:00
329,2022-12-23 23:50:00+00:00,9,2022-12-23T23:50:00
330,2022-12-24 00:50:00+00:00,9,2022-12-24T00:50:00
331,2022-12-24 05:20:00+00:00,7,2022-12-24T05:20:00
332,2022-12-24 09:50:00+00:00,7,2022-12-24T09:50:00
333,2022-12-24 12:50:00+00:00,10,2022-12-24T12:50:00
334,2022-12-24 16:20:00+00:00,9,2022-12-24T16:20:00
335,2022-12-24 20:20:00+00:00,10,2022-12-24T20:20:00
336,2022-12-24 23:20:00+00:00,10,2022-12-24T23:20:00
337,2022-12-24 23:50:00+00:00,10,2022-12-24T23:50:00
338,2022-12-19 00:50:00+00:00,12,2022-12-19T00:50:00
339,2022-12-19 02:20:00+00:00,12,2022-12-19T02:20:00
340,2022-12-19 02:50:00+00:00,12,2022-12-19T02:50:00
341,2022-12-19 03:20:00+00:00,12,2022-12-19T03:20:00
342,2022-12-19 06:20:00+00:00,12,2022-12-19T06:20:00
343,2022-12-19 11:20:00+00:00,12,2022-12-19T11:20:00
344,2022-12-19 16:50:00+00:00,12,2022-12-19T16:50:00
345,2022-12-19 17:50:00+00:00,12,2022-12-19T17:50:00
346,2022-12-19 18:50:00+00:00,12,2022-12-19T18:50:00
347,2022-12-26 02:50:00+00:00,6,2022-12-26T02:50:00
348,2022-12-26 05:50:00+00:00,4,2022-12-26T05:50:00
349,2022-12-26 09:50:00+00:00,5,2022-12-26T09:50:00
350,2022-12-26 10:50:00+00:00,5,2022-12-26T10:50:00
351,2022-12-26 12:20:00+00:00,5,2022-12-26T12:20:00
352,2022-12-26 12:50:00+00:00,5,2022-12-26T12:50:00
353,2022-12-26 17:50:00+00:00,4,2022-12-26T17:50:00
354,2022-12-26 18:20:00+00:00,4,2022-12-26T18:20:00
355,2022-12-26 20:20:00+00:00,4,2022-12-26T20:20:00
356,2022-12-16 03:50:00+00:00,-2,2022-12-16T03:50:00
357,2022-12-16 05:20:00+00:00,-3,2022-12-16T05:20:00
358,2022-12-16 06:20:00+00:00,-2,2022-12-16T06:20:00
359,2022-12-16 07:50:00+00:00,-3,2022-12-16T07:50:00
360,2022-12-16 19:20:00+00:00,0,2022-12-16T19:20:00
361,2022-12-18 09:20:00+00:00,2,2022-12-18T09:20:00
362,2022-12-18 13:20:00+00:00,6,2022-12-18T13:20:00
363,2022-12-18 17:20:00+00:00,9,2022-12-18T17:20:00
364,2022-12-18 17:50:00+00:00,10,2022-12-18T17:50:00
365,2022-12-18 23:20:00+00:00,11,2022-12-18T23:20:00
366,2022-12-19 01:20:00+00:00,12,2022-12-19T01:20:00
367,2022-12-19 05:20:00+00:00,12,2022-12-19T05:20:00
368,2022-12-19 07:50:00+00:00,12,2022-12-19T07:50:00
369,2022-12-19 08:20:00+00:00,12,2022-12-19T08:20:00
370,2022-12-19 11:50:00+00:00,12,2022-12-19T11:50:00
371,2022-12-19 12:20:00+00:00,12,2022-12-19T12:20:00
372,2022-12-19 21:50:00+00:00,12,2022-12-19T21:50:00
373,2022-12-23 05:20:00+00:00,7,2022-12-23T05:20:00
374,2022-12-23 06:20:00+00:00,7,2022-12-23T06:20:00
375,2022-12-23 10:20:00+00:00,10,2022-12-23T10:20:00
376,2022-12-23 12:20:00+00:00,10,2022-12-23T12:20:00
377,2022-12-23 13:20:00+00:00,10,2022-12-23T13:20:00
378,2022-12-23 17:20:00+00:00,9,2022-12-23T17:20:00
379,2022-12-23 17:50:00+00:00,8,2022-12-23T17:50:00
380,2022-12-23 19:50:00+00:00,9,2022-12-23T19:50:00
381,2022-12-23 20:50:00+00:00,9,2022-12-23T20:50:00
382,2022-12-24 07:20:00+00:00,6,2022-12-24T07:20:00
383,2022-12-24 14:50:00+00:00,10,2022-12-24T14:50:00
384,2022-12-24 19:50:00+00:00,10,2022-12-24T19:50:00
385,2022-12-25 00:20:00+00:00,10,2022-12-25T00:20:00
386,2022-12-25 13:50:00+00:00,9,2022-12-25T13:50:00
387,2022-12-25 18:20:00+00:00,9,2022-12-25T18:20:00
388,2022-12-25 18:50:00+00:00,9,2022-12-25T18:50:00
389,2022-12-25 21:20:00+00:00,8,2022-12-25T21:20:00
390,2022-12-25 23:50:00+00:00,9,2022-12-25T23:50:00
391,2022-12-26 20:50:00+00:00,4,2022-12-26T20:50:00
392,2022-12-30 04:50:00+00:00,8,2022-12-30T04:50:00
393,2022-12-30 11:50:00+00:00,11,2022-12-30T11:50:00
394,2022-12-30 19:50:00+00:00,9,2022-12-30T19:50:00
395,2022-12-30 20:50:00+00:00,9,2022-12-30T20:50:00
396,2022-12-20 11:50:00+00:00,9,2022-12-20T11:50:00
397,2022-12-20 14:20:00+00:00,9,2022-12-20T14:20:00
398,2022-12-20 20:50:00+00:00,6,2022-12-20T20:50:00
399,2022-12-21 01:50:00+00:00,8,2022-12-21T01:50:00
400,2022-12-21 18:20:00+00:00,7,2022-12-21T18:20:00
401,2022-12-21 19:50:00+00:00,7,2022-12-21T19:50:00
402,2022-12-21 23:50:00+00:00,7,2022-12-21T23:50:00
403,2022-12-27 00:50:00+00:00,4,2022-12-27T00:50:00
404,2022-12-27 04:50:00+00:00,5,2022-12-27T04:50:00
405,2022-12-27 08:20:00+00:00,6,2022-12-27T08:20:00
406,2022-12-27 14:50:00+00:00,8,2022-12-27T14:50:00
407,2022-12-27 20:20:00+00:00,9,2022-12-27T20:20:00
408,2022-12-27 20:50:00+00:00,9,2022-12-27T20:50:00
409,2022-12-27 21:20:00+00:00,9,2022-12-27T21:20:00
410,2022-12-28 03:20:00+00:00,9,2022-12-28T03:20:00
411,2022-12-28 08:20:00+00:00,9,2022-12-28T08:20:00
412,2022-12-28 10:20:00+00:00,9,2022-12-28T10:20:00
413,2022-12-28 13:20:00+00:00,11,2022-12-28T13:20:00
414,2022-12-28 17:50:00+00:00,10,2022-12-28T17:50:00
415,2022-12-28 18:20:00+00:00,10,2022-12-28T18:20:00
416,2022-12-28 18:50:00+00:00,9,2022-12-28T18:50:00
417,2022-12-28 19:20:00+00:00,9,2022-12-28T19:20:00
418,2022-12-22 00:50:00+00:00,7,2022-12-22T00:50:00
419,2022-12-22 02:50:00+00:00,6,2022-12-22T02:50:00
420,2022-12-22 09:20:00+00:00,9,2022-12-22T09:20:00
421,2022-12-22 11:20:00+00:00,10,2022-12-22T11:20:00
422,2022-12-22 12:50:00+00:00,10,2022-12-22T12:50:00
423,2022-12-22 13:50:00+00:00,10,2022-12-22T13:50:00
424,2022-12-22 16:20:00+00:00,10,2022-12-22T16:20:00
425,2022-12-22 23:20:00+00:00,8,2022-12-22T23:20:00
426,2022-12-29 11:50:00+00:00,6,2022-12-29T11:50:00
427,2022-12-29 15:50:00+00:00,6,2022-12-29T15:50:00
428,2022-12-29 16:20:00+00:00,6,2022-12-29T16:20:00
429,2022-12-29 17:20:00+00:00,5,2022-12-29T17:20:00
430,2022-12-29 20:20:00+00:00,5,2022-12-29T20:20:00
431,2022-12-27 04:20:00+00:00,5,2022-12-27T04:20:00
432,2022-12-27 12:50:00+00:00,9,2022-12-27T12:50:00
433,2022-12-27 21:50:00+00:00,10,2022-12-27T21:50:00
434,2022-12-28 01:50:00+00:00,9,2022-12-28T01:50:00
435,2022-12-28 06:20:00+00:00,10,2022-12-28T06:20:00
436,2022-12-28 07:50:00+00:00,9,2022-12-28T07:50:00
437,2022-12-28 09:50:00+00:00,9,2022-12-28T09:50:00
438,2022-12-28 14:20:00+00:00,10,2022-12-28T14:20:00
439,2022-12-28 19:50:00+00:00,9,2022-12-28T19:50:00
440,2022-12-31 00:20:00+00:00,10,2022-12-31T00:20:00
441,2022-12-31 08:50:00+00:00,12,2022-12-31T08:50:00
442,2022-12-31 11:50:00+00:00,11,2022-12-31T11:50:00
443,2022-12-31 13:20:00+00:00,11,2022-12-31T13:20:00
444,2022-12-31 14:20:00+00:00,11,2022-12-31T14:20:00
445,2022-12-31 15:20:00+00:00,11,2022-12-31T15:20:00
446,2022-12-31 22:50:00+00:00,9,2022-12-31T22:50:00
447,2022-12-30 00:20:00+00:00,6,2022-12-30T00:20:00
448,2022-12-30 00:50:00+00:00,7,2022-12-30T00:50:00
449,2022-12-30 06:50:00+00:00,8,2022-12-30T06:50:00
450,2022-12-30 09:20:00+00:00,9,2022-12-30T09:20:00
451,2022-12-30 15:20:00+00:00,10,2022-12-30T15:20:00
452,2022-12-30 16:20:00+00:00,9,2022-12-30T16:20:00
453,2022-12-29 00:20:00+00:00,8,2022-12-29T00:20:00
454,2022-12-29 05:20:00+00:00,7,2022-12-29T05:20:00
455,2022-12-29 08:50:00+00:00,6,2022-12-29T08:50:00
456,2022-12-29 14:20:00+00:00,7,2022-12-29T14:20:00
457,2022-12-29 17:50:00+00:00,5,2022-12-29T17:50:00
458,2022-12-31 02:50:00+00:00,9,2022-12-31T02:50:00
459,2022-12-31 03:20:00+00:00,10,2022-12-31T03:20:00
460,2022-12-31 10:20:00+00:00,11,2022-12-31T10:20:00
461,2022-12-31 12:50:00+00:00,11,2022-12-31T12:50:00
462,2022-12-31 15:50:00+00:00,11,2022-12-31T15:50:00
463,2022-12-31 16:20:00+00:00,11,2022-12-31T16:20:00
464,2022-12-31 17:20:00+00:00,11,2022-12-31T17:20:00
465,2022-12-31 18:50:00+00:00,10,2022-12-31T18:50:00
466,2022-12-31 23:20:00+00:00,9,2022-12-31T23:20:00
467,2022-12-31 23:50:00+00:00,9,2022-12-31T23:50:00
468,2022-12-20 00:50:00+00:00,11,2022-12-20T00:50:00
469,2022-12-20 02:50:00+00:00,8,2022-12-20T02:50:00
470,2022-12-20 04:50:00+00:00,7,2022-12-20T04:50:00
471,2022-12-20 06:20:00+00:00,7,2022-12-20T06:20:00
472,2022-12-20 06:50:00+00:00,7,2022-12-20T06:50:00
473,2022-12-20 07:20:00+00:00,7,2022-12-20T07:20:00
474,2022-12-20 08:20:00+00:00,6,2022-12-20T08:20:00
475,2022-12-20 09:50:00+00:00,7,2022-12-20T09:50:00
476,2022-12-20 13:50:00+00:00,9,2022-12-20T13:50:00
477,2022-12-20 14:50:00+00:00,9,2022-12-20T14:50:00
478,2022-12-20 17:50:00+00:00,7,2022-12-20T17:50:00
479,2022-12-20 21:20:00+00:00,6,2022-12-20T21:20:00
480,2022-12-21 04:50:00+00:00,8,2022-12-21T04:50:00
481,2022-12-21 07:20:00+00:00,8,2022-12-21T07:20:00
482,2022-12-21 07:50:00+00:00,7,2022-12-21T07:50:00
483,2022-12-21 12:20:00+00:00,9,2022-12-21T12:20:00
484,2022-12-21 16:20:00+00:00,8,2022-12-21T16:20:00
485,2022-12-21 21:20:00+00:00,7,2022-12-21T21:20:00
486,2022-12-22 01:20:00+00:00,6,2022-12-22T01:20:00
487,2022-12-22 05:50:00+00:00,8,2022-12-22T05:50:00
488,2022-12-22 07:20:00+00:00,8,2022-12-22T07:20:00
489,2022-12-22 08:20:00+00:00,9,2022-12-22T08:20:00
490,2022-12-22 14:50:00+00:00,10,2022-12-22T14:50:00
491,2022-12-22 15:50:00+00:00,10,2022-12-22T15:50:00
492,2022-12-22 20:20:00+00:00,8,2022-12-22T20:20:00
493,2022-12-22 22:50:00+00:00,8,2022-12-22T22:50:00
494,2022-12-24 01:50:00+00:00,9,2022-12-24T01:50:00
495,2022-12-24 04:20:00+00:00,8,2022-12-24T04:20:00
496,2022-12-24 06:50:00+00:00,6,2022-12-24T06:50:00
497,2022-12-24 10:20:00+00:00,7,2022-12-24T10:20:00
498,2022-12-24 10:50:00+00:00,8,2022-12-24T10:50:00
499,2022-12-24 13:50:00+00:00,11,2022-12-24T13:50:00
500,2022-12-24 14:20:00+00:00,10,2022-12-24T14:20:00
501,2022-12-25 02:50:00+00:00,9,2022-12-25T02:50:00
502,2022-12-25 03:20:00+00:00,9,2022-12-25T03:20:00
503,2022-12-25 04:50:00+00:00,10,2022-12-25T04:50:00
504,2022-12-25 08:20:00+00:00,10,2022-12-25T08:20:00
505,2022-12-25 11:20:00+00:00,10,2022-12-25T11:20:00
506,2022-12-25 11:50:00+00:00,8,2022-12-25T11:50:00
507,2022-12-25 22:50:00+00:00,8,2022-12-25T22:50:00
508,2022-12-14 06:20:00+00:00,-3,2022-12-14T06:20:00
509,2022-12-14 08:20:00+00:00,-3,2022-12-14T08:20:00
510,2022-12-14 11:20:00+00:00,-3,2022-12-14T11:20:00
511,2022-12-14 23:50:00+00:00,-4,2022-12-14T23:50:00
512,2022-12-16 04:20:00+00:00,-2,2022-12-16T04:20:00
513,2022-12-16 08:20:00+00:00,-3,2022-12-16T08:20:00
514,2022-12-16 12:50:00+00:00,2,2022-12-16T12:50:00
515,2022-12-16 16:50:00+00:00,0,2022-12-16T16:50:00
516,2022-12-16 18:20:00+00:00,0,2022-12-16T18:20:00
517,2022-12-16 21:20:00+00:00,1,2022-12-16T21:20:00
518,2022-12-16 21:50:00+00:00,0,2022-12-16T21:50:00
519,2022-12-16 22:20:00+00:00,1,2022-12-16T22:20:00
520,2022-12-17 00:20:00+00:00,2,2022-12-17T00:20:00
521,2022-12-17 00:50:00+00:00,2,2022-12-17T00:50:00
522,2022-12-17 02:20:00+00:00,2,2022-12-17T02:20:00
523,2022-12-17 04:20:00+00:00,3,2022-12-17T04:20:00
524,2022-12-17 10:20:00+00:00,4,2022-12-17T10:20:00
525,2022-12-17 10:50:00+00:00,4,2022-12-17T10:50:00
526,2022-12-17 11:50:00+00:00,4,2022-12-17T11:50:00
527,2022-12-17 21:50:00+00:00,1,2022-12-17T21:50:00
528,2022-12-15 04:20:00+00:00,-4,2022-12-15T04:20:00
529,2022-12-15 06:50:00+00:00,-4,2022-12-15T06:50:00
530,2022-12-15 08:50:00+00:00,-4,2022-12-15T08:50:00
531,2022-12-15 13:20:00+00:00,0,2022-12-15T13:20:00
532,2022-12-15 16:20:00+00:00,-1,2022-12-15T16:20:00
533,2022-12-15 18:50:00+00:00,-1,2022-12-15T18:50:00
534,2022-12-15 22:20:00+00:00,-1,2022-12-15T22:20:00
535,2022-12-29 05:50:00+00:00,7,2022-12-29T05:50:00
536,2022-12-29 09:20:00+00:00,6,2022-12-29T09:20:00
537,2022-12-29 09:50:00+00:00,6,2022-12-29T09:50:00
538,2022-12-29 10:20:00+00:00,5,2022-12-29T10:20:00
539,2022-12-29 11:20:00+00:00,6,2022-12-29T11:20:00
540,2022-12-29 14:50:00+00:00,7,2022-12-29T14:50:00
541,2022-12-29 18:50:00+00:00,5,2022-12-29T18:50:00
542,2022-12-29 21:50:00+00:00,5,2022-12-29T21:50:00
543,2022-12-29 23:20:00+00:00,5,2022-12-29T23:20:00
544,2022-12-29 23:50:00+00:00,6,2022-12-29T23:50:00
545,2022-12-23 00:50:00+00:00,8,2022-12-23T00:50:00
546,2022-12-23 01:50:00+00:00,8,2022-12-23T01:50:00
547,2022-12-23 07:20:00+00:00,7,2022-12-23T07:20:00
548,2022-12-23 10:50:00+00:00,11,2022-12-23T10:50:00
549,2022-12-23 19:20:00+00:00,9,2022-12-23T19:20:00
550,2022-12-23 21:50:00+00:00,9,2022-12-23T21:50:00
551,2022-12-23 22:20:00+00:00,9,2022-12-23T22:20:00
552,2022-12-26 08:50:00+00:00,3,2022-12-26T08:50:00
553,2022-12-26 11:50:00+00:00,5,2022-12-26T11:50:00
554,2022-12-26 19:50:00+00:00,4,2022-12-26T19:50:00
555,2022-12-26 21:20:00+00:00,5,2022-12-26T21:20:00
556,2022-12-26 22:50:00+00:00,5,2022-12-26T22:50:00
557,2022-12-27 05:50:00+00:00,5,2022-12-27T05:50:00
558,2022-12-27 11:50:00+00:00,9,2022-12-27T11:50:00
559,2022-12-27 12:20:00+00:00,9,2022-12-27T12:20:00
560,2022-12-27 14:20:00+00:00,8,2022-12-27T14:20:00
561,2022-12-27 17:20:00+00:00,8,2022-12-27T17:20:00
562,2022-12-27 18:20:00+00:00,8,2022-12-27T18:20:00
563,2022-12-27 19:20:00+00:00,8,2022-12-27T19:20:00
564,2022-12-27 19:50:00+00:00,9,2022-12-27T19:50:00
565,2022-12-27 22:50:00+00:00,10,2022-12-27T22:50:00
566,2022-12-28 00:20:00+00:00,9,2022-12-28T00:20:00
567,2022-12-28 00:50:00+00:00,9,2022-12-28T00:50:00
568,2022-12-28 02:50:00+00:00,9,2022-12-28T02:50:00
569,2022-12-28 03:50:00+00:00,9,2022-12-28T03:50:00
570,2022-12-28 04:20:00+00:00,9,2022-12-28T04:20:00
571,2022-12-28 07:20:00+00:00,10,2022-12-28T07:20:00
572,2022-12-28 10:50:00+00:00,9,2022-12-28T10:50:00
573,2022-12-28 17:20:00+00:00,10,2022-12-28T17:20:00
574,2022-12-28 21:20:00+00:00,9,2022-12-28T21:20:00
575,2022-12-28 21:50:00+00:00,8,2022-12-28T21:50:00
576,2022-12-28 23:50:00+00:00,8,2022-12-28T23:50:00
577,2022-12-30 01:20:00+00:00,7,2022-12-30T01:20:00
578,2022-12-30 04:20:00+00:00,8,2022-12-30T04:20:00
579,2022-12-30 07:50:00+00:00,8,2022-12-30T07:50:00
580,2022-12-30 13:20:00+00:00,11,2022-12-30T13:20:00
581,2022-12-30 17:20:00+00:00,9,2022-12-30T17:20:00
582,2022-12-30 18:20:00+00:00,9,2022-12-30T18:20:00
583,2022-12-30 23:20:00+00:00,10,2022-12-30T23:20:00
584,2022-12-31 07:20:00+00:00,12,2022-12-31T07:20:00
585,2022-12-31 07:50:00+00:00,12,2022-12-31T07:50:00
586,2022-12-31 21:50:00+00:00,10,2022-12-31T21:50:00
587,2022-12-01 01:50:00+00:00,2,2022-12-01T01:50:00
588,2022-12-01 06:20:00+00:00,1,2022-12-01T06:20:00
589,2022-12-02 00:50:00+00:00,0,2022-12-02T00:50:00
590,2022-12-02 08:50:00+00:00,0,2022-12-02T08:50:00
591,2022-12-02 12:50:00+00:00,2,2022-12-02T12:50:00
592,2022-12-02 13:20:00+00:00,3,2022-12-02T13:20:00
593,2022-12-02 14:20:00+00:00,3,2022-12-02T14:20:00
594,2022-12-02 22:50:00+00:00,3,2022-12-02T22:50:00
595,2022-12-02 23:20:00+00:00,3,2022-12-02T23:20:00
596,2022-12-03 01:50:00+00:00,4,2022-12-03T01:50:00
597,2022-12-03 04:20:00+00:00,4,2022-12-03T04:20:00
598,2022-12-03 15:50:00+00:00,5,2022-12-03T15:50:00
599,2022-12-03 19:50:00+00:00,4,2022-12-03T19:50:00
600,2022-12-03 23:20:00+00:00,3,2022-12-03T23:20:00
601,2022-12-04 01:20:00+00:00,3,2022-12-04T01:20:00
602,2022-12-04 06:50:00+00:00,2,2022-12-04T06:50:00
603,2022-12-04 08:50:00+00:00,2,2022-12-04T08:50:00
604,2022-12-04 14:20:00+00:00,3,2022-12-04T14:20:00
605,2022-12-04 15:50:00+00:00,3,2022-12-04T15:50:00
606,2022-12-04 18:50:00+00:00,4,2022-12-04T18:50:00
607,2022-12-04 23:20:00+00:00,3,2022-12-04T23:20:00
608,2022-12-09 00:20:00+00:00,-2,2022-12-09T00:20:00
609,2022-12-09 06:50:00+00:00,-1,2022-12-09T06:50:00
610,2022-12-09 12:20:00+00:00,2,2022-12-09T12:20:00
611,2022-12-09 20:50:00+00:00,1,2022-12-09T20:50:00
612,2022-12-09 22:20:00+00:00,1,2022-12-09T22:20:00
613,2022-12-09 22:50:00+00:00,1,2022-12-09T22:50:00
614,2022-12-09 23:50:00+00:00,1,2022-12-09T23:50:00
615,2022-12-10 15:50:00+00:00,2,2022-12-10T15:50:00
616,2022-12-10 23:50:00+00:00,1,2022-12-10T23:50:00
617,2022-12-11 11:50:00+00:00,0,2022-12-11T11:50:00
618,2022-12-11 16:20:00+00:00,0,2022-12-11T16:20:00
619,2022-12-11 17:50:00+00:00,0,2022-12-11T17:50:00
620,2022-12-08 00:50:00+00:00,0,2022-12-08T00:50:00
621,2022-12-08 01:20:00+00:00,-1,2022-12-08T01:20:00
622,2022-12-08 20:50:00+00:00,-1,2022-12-08T20:50:00
623,2022-12-08 22:20:00+00:00,-1,2022-12-08T22:20:00
624,2022-12-07 01:50:00+00:00,2,2022-12-07T01:50:00
625,2022-12-07 10:20:00+00:00,1,2022-12-07T10:20:00
626,2022-12-07 13:50:00+00:00,3,2022-12-07T13:50:00
627,2022-12-07 14:20:00+00:00,3,2022-12-07T14:20:00
628,2022-12-07 15:20:00+00:00,3,2022-12-07T15:20:00
629,2022-12-07 16:50:00+00:00,1,2022-12-07T16:50:00
630,2022-12-07 20:50:00+00:00,0,2022-12-07T20:50:00
631,2022-12-07 22:20:00+00:00,1,2022-12-07T22:20:00
632,2022-12-06 00:20:00+00:00,5,2022-12-06T00:20:00
633,2022-12-06 06:20:00+00:00,4,2022-12-06T06:20:00
634,2022-12-06 15:20:00+00:00,3,2022-12-06T15:20:00
635,2022-12-06 17:20:00+00:00,4,2022-12-06T17:20:00
636,2022-12-06 19:50:00+00:00,4,2022-12-06T19:50:00
637,2022-12-06 20:50:00+00:00,4,2022-12-06T20:50:00
638,2022-12-05 06:20:00+00:00,3,2022-12-05T06:20:00
639,2022-12-05 11:20:00+00:00,5,2022-12-05T11:20:00
640,2022-12-05 12:50:00+00:00,6,2022-12-05T12:50:00
641,2022-12-05 20:20:00+00:00,5,2022-12-05T20:20:00
642,2022-12-01 02:50:00+00:00,2,2022-12-01T02:50:00
643,2022-12-01 03:50:00+00:00,1,2022-12-01T03:50:00
644,2022-12-01 05:20:00+00:00,1,2022-12-01T05:20:00
645,2022-12-01 11:20:00+00:00,3,2022-12-01T11:20:00
646,2022-12-01 20:20:00+00:00,2,2022-12-01T20:20:00
647,2022-12-01 21:20:00+00:00,1,2022-12-01T21:20:00
648,2022-12-02 02:20:00+00:00,0,2022-12-02T02:20:00
649,2022-12-02 04:20:00+00:00,0,2022-12-02T04:20:00
650,2022-12-02 05:20:00+00:00,0,2022-12-02T05:20:00
651,2022-12-02 21:50:00+00:00,4,2022-12-02T21:50:00
652,2022-12-02 23:50:00+00:00,3,2022-12-02T23:50:00
653,2022-12-03 00:50:00+00:00,4,2022-12-03T00:50:00
654,2022-12-03 01:20:00+00:00,4,2022-12-03T01:20:00
655,2022-12-03 06:20:00+00:00,4,2022-12-03T06:20:00
656,2022-12-03 10:50:00+00:00,4,2022-12-03T10:50:00
657,2022-12-03 16:50:00+00:00,4,2022-12-03T16:50:00
658,2022-12-03 22:20:00+00:00,3,2022-12-03T22:20:00
659,2022-12-04 00:20:00+00:00,3,2022-12-04T00:20:00
660,2022-12-04 02:50:00+00:00,3,2022-12-04T02:50:00
661,2022-12-04 06:20:00+00:00,2,2022-12-04T06:20:00
662,2022-12-04 19:20:00+00:00,4,2022-12-04T19:20:00
663,2022-12-04 20:20:00+00:00,3,2022-12-04T20:20:00
664,2022-12-04 21:50:00+00:00,3,2022-12-04T21:50:00
665,2022-12-05 11:50:00+00:00,5,2022-12-05T11:50:00
666,2022-12-05 19:20:00+00:00,6,2022-12-05T19:20:00
667,2022-12-05 20:50:00+00:00,5,2022-12-05T20:50:00
668,2022-12-05 22:50:00+00:00,5,2022-12-05T22:50:00
669,2022-12-06 05:50:00+00:00,4,2022-12-06T05:50:00
670,2022-12-06 08:50:00+00:00,3,2022-12-06T08:50:00
671,2022-12-06 13:20:00+00:00,5,2022-12-06T13:20:00
672,2022-12-06 13:50:00+00:00,5,2022-12-06T13:50:00
673,2022-12-06 21:20:00+00:00,3,2022-12-06T21:20:00
674,2022-12-07 09:50:00+00:00,1,2022-12-07T09:50:00
675,2022-12-07 11:50:00+00:00,3,2022-12-07T11:50:00
676,2022-12-07 13:20:00+00:00,3,2022-12-07T13:20:00
677,2022-12-07 18:50:00+00:00,1,2022-12-07T18:50:00
678,2022-12-06 01:20:00+00:00,5,2022-12-06T01:20:00
679,2022-12-06 04:50:00+00:00,4,2022-12-06T04:50:00
680,2022-12-06 06:50:00+00:00,4,2022-12-06T06:50:00
681,2022-12-06 07:20:00+00:00,4,2022-12-06T07:20:00
682,2022-12-06 12:20:00+00:00,4,2022-12-06T12:20:00
683,2022-12-06 12:50:00+00:00,5,2022-12-06T12:50:00
684,2022-12-06 16:50:00+00:00,4,2022-12-06T16:50:00
685,2022-12-06 22:20:00+00:00,3,2022-12-06T22:20:00
686,2022-12-06 23:20:00+00:00,2,2022-12-06T23:20:00
687,2022-12-08 03:50:00+00:00,-2,2022-12-08T03:50:00
688,2022-12-08 04:20:00+00:00,0,2022-12-08T04:20:00
689,2022-12-08 06:50:00+00:00,0,2022-12-08T06:50:00
690,2022-12-08 12:20:00+00:00,3,2022-12-08T12:20:00
691,2022-12-08 13:20:00+00:00,3,2022-12-08T13:20:00
692,2022-12-08 14:20:00+00:00,3,2022-12-08T14:20:00
693,2022-12-08 14:50:00+00:00,3,2022-12-08T14:50:00
694,2022-12-08 18:20:00+00:00,1,2022-12-08T18:20:00
695,2022-12-08 18:50:00+00:00,1,2022-12-08T18:50:00
696,2022-12-07 05:50:00+00:00,1,2022-12-07T05:50:00
697,2022-12-07 08:20:00+00:00,0,2022-12-07T08:20:00
698,2022-12-07 10:50:00+00:00,3,2022-12-07T10:50:00
699,2022-12-11 09:20:00+00:00,0,2022-12-11T09:20:00
700,2022-12-11 15:50:00+00:00,0,2022-12-11T15:50:00
701,2022-12-11 19:50:00+00:00,0,2022-12-11T19:50:00
702,2022-12-11 21:50:00+00:00,0,2022-12-11T21:50:00
703,2022-12-09 04:20:00+00:00,-3,2022-12-09T04:20:00
704,2022-12-09 05:20:00+00:00,-2,2022-12-09T05:20:00
705,2022-12-09 07:20:00+00:00,-1,2022-12-09T07:20:00
706,2022-12-09 13:20:00+00:00,2,2022-12-09T13:20:00
707,2022-12-09 15:50:00+00:00,0,2022-12-09T15:50:00
708,2022-12-09 17:50:00+00:00,0,2022-12-09T17:50:00
709,2022-12-09 18:50:00+00:00,0,2022-12-09T18:50:00
710,2022-12-12 05:20:00+00:00,-1,2022-12-12T05:20:00
711,2022-12-12 06:20:00+00:00,-1,2022-12-12T06:20:00
712,2022-12-12 07:20:00+00:00,-2,2022-12-12T07:20:00
713,2022-12-12 12:50:00+00:00,-1,2022-12-12T12:50:00
714,2022-12-12 19:50:00+00:00,-2,2022-12-12T19:50:00
715,2022-12-14 02:50:00+00:00,-2,2022-12-14T02:50:00
716,2022-12-14 06:50:00+00:00,-3,2022-12-14T06:50:00
717,2022-12-14 08:50:00+00:00,-3,2022-12-14T08:50:00
718,2022-12-14 10:20:00+00:00,-2,2022-12-14T10:20:00
719,2022-12-14 10:50:00+00:00,-2,2022-12-14T10:50:00
720,2022-12-14 12:20:00+00:00,-2,2022-12-14T12:20:00
721,2022-12-14 12:50:00+00:00,-3,2022-12-14T12:50:00
722,2022-12-14 16:50:00+00:00,-2,2022-12-14T16:50:00
723,2022-12-14 21:50:00+00:00,-3,2022-12-14T21:50:00
724,2022-12-13 01:20:00+00:00,-1,2022-12-13T01:20:00
725,2022-12-13 07:50:00+00:00,-2,2022-12-13T07:50:00
726,2022-12-13 10:20:00+00:00,-1,2022-12-13T10:20:00
727,2022-12-13 11:50:00+00:00,-1,2022-12-13T11:50:00
728,2022-12-13 14:50:00+00:00,0,2022-12-13T14:50:00
729,2022-12-13 16:50:00+00:00,-1,2022-12-13T16:50:00
730,2022-12-13 18:50:00+00:00,-1,2022-12-13T18:50:00
731,2022-12-10 04:20:00+00:00,0,2022-12-10T04:20:00
732,2022-12-10 04:50:00+00:00,0,2022-12-10T04:50:00
733,2022-12-10 05:20:00+00:00,0,2022-12-10T05:20:00
734,2022-12-10 09:20:00+00:00,1,2022-12-10T09:20:00
735,2022-12-10 10:50:00+00:00,2,2022-12-10T10:50:00
736,2022-12-10 11:50:00+00:00,2,2022-12-10T11:50:00
737,2022-12-10 13:20:00+00:00,3,2022-12-10T13:20:00
738,2022-12-10 14:20:00+00:00,4,2022-12-10T14:20:00
739,2022-12-10 17:20:00+00:00,1,2022-12-10T17:20:00
740,2022-12-10 19:20:00+00:00,1,2022-12-10T19:20:00
741,2022-12-10 20:20:00+00:00,2,2022-12-10T20:20:00
742,2022-12-08 05:20:00+00:00,0,2022-12-08T05:20:00
743,2022-12-08 09:50:00+00:00,1,2022-12-08T09:50:00
744,2022-12-08 11:50:00+00:00,3,2022-12-08T11:50:00
745,2022-12-08 20:20:00+00:00,0,2022-12-08T20:20:00
746,2022-12-08 21:50:00+00:00,-1,2022-12-08T21:50:00
747,2022-12-12 01:50:00+00:00,-1,2022-12-12T01:50:00
748,2022-12-12 09:50:00+00:00,-2,2022-12-12T09:50:00
749,2022-12-12 11:50:00+00:00,-2,2022-12-12T11:50:00
750,2022-12-12 15:50:00+00:00,-2,2022-12-12T15:50:00
751,2022-12-12 17:20:00+00:00,-2,2022-12-12T17:20:00
752,2022-12-12 22:50:00+00:00,-1,2022-12-12T22:50:00
753,2022-12-12 23:50:00+00:00,-1,2022-12-12T23:50:00
754,2022-12-01 05:50:00+00:00,1,2022-12-01T05:50:00
755,2022-12-01 07:20:00+00:00,1,2022-12-01T07:20:00
756,2022-12-01 09:20:00+00:00,2,2022-12-01T09:20:00
757,2022-12-01 09:50:00+00:00,2,2022-12-01T09:50:00
758,2022-12-01 12:20:00+00:00,3,2022-12-01T12:20:00
759,2022-12-01 17:50:00+00:00,3,2022-12-01T17:50:00
760,2022-12-01 22:20:00+00:00,1,2022-12-01T22:20:00
761,2022-12-01 22:50:00+00:00,1,2022-12-01T22:50:00
762,2022-12-02 03:50:00+00:00,0,2022-12-02T03:50:00
763,2022-12-02 04:50:00+00:00,0,2022-12-02T04:50:00
764,2022-12-02 06:20:00+00:00,0,2022-12-02T06:20:00
765,2022-12-02 07:20:00+00:00,0,2022-12-02T07:20:00
766,2022-12-02 12:20:00+00:00,2,2022-12-02T12:20:00
767,2022-12-02 15:50:00+00:00,3,2022-12-02T15:50:00
768,2022-12-02 17:20:00+00:00,3,2022-12-02T17:20:00
769,2022-12-02 17:50:00+00:00,3,2022-12-02T17:50:00
770,2022-12-03 03:20:00+00:00,4,2022-12-03T03:20:00
771,2022-12-03 03:50:00+00:00,4,2022-12-03T03:50:00
772,2022-12-03 07:20:00+00:00,4,2022-12-03T07:20:00
773,2022-12-03 08:20:00+00:00,4,2022-12-03T08:20:00
774,2022-12-03 09:20:00+00:00,4,2022-12-03T09:20:00
775,2022-12-03 10:20:00+00:00,4,2022-12-03T10:20:00
776,2022-12-03 11:50:00+00:00,5,2022-12-03T11:50:00
777,2022-12-03 12:20:00+00:00,4,2022-12-03T12:20:00
778,2022-12-03 21:20:00+00:00,4,2022-12-03T21:20:00
779,2022-12-03 21:50:00+00:00,4,2022-12-03T21:50:00
780,2022-12-03 22:50:00+00:00,3,2022-12-03T22:50:00
781,2022-12-04 09:50:00+00:00,2,2022-12-04T09:50:00
782,2022-12-04 13:50:00+00:00,3,2022-12-04T13:50:00
783,2022-12-04 22:20:00+00:00,3,2022-12-04T22:20:00
784,2022-12-05 00:50:00+00:00,3,2022-12-05T00:50:00
785,2022-12-05 02:50:00+00:00,3,2022-12-05T02:50:00
786,2022-12-05 04:20:00+00:00,3,2022-12-05T04:20:00
787,2022-12-05 06:50:00+00:00,3,2022-12-05T06:50:00
788,2022-12-05 07:20:00+00:00,3,2022-12-05T07:20:00
789,2022-12-05 08:20:00+00:00,4,2022-12-05T08:20:00
790,2022-12-05 10:50:00+00:00,5,2022-12-05T10:50:00
791,2022-12-05 12:20:00+00:00,6,2022-12-05T12:20:00
792,2022-12-05 13:50:00+00:00,6,2022-12-05T13:50:00
793,2022-12-05 23:20:00+00:00,5,2022-12-05T23:20:00
794,2022-12-05 23:50:00+00:00,5,2022-12-05T23:50:00
795,2022-12-11 05:20:00+00:00,0,2022-12-11T05:20:00
796,2022-12-11 07:20:00+00:00,0,2022-12-11T07:20:00
797,2022-12-11 10:20:00+00:00,-1,2022-12-11T10:20:00
798,2022-12-11 12:50:00+00:00,0,2022-12-11T12:50:00
799,2022-12-11 14:50:00+00:00,0,2022-12-11T14:50:00
800,2022-12-11 15:20:00+00:00,0,2022-12-11T15:20:00
801,2022-12-15 01:20:00+00:00,-4,2022-12-15T01:20:00
802,2022-12-15 03:20:00+00:00,-4,2022-12-15T03:20:00
803,2022-12-15 09:20:00+00:00,-3,2022-12-15T09:20:00
804,2022-12-15 10:20:00+00:00,-2,2022-12-15T10:20:00
805,2022-12-15 11:50:00+00:00,0,2022-12-15T11:50:00
806,2022-12-15 20:50:00+00:00,-1,2022-12-15T20:50:00
807,2022-12-15 23:50:00+00:00,-2,2022-12-15T23:50:00
808,2022-12-16 02:50:00+00:00,-2,2022-12-16T02:50:00
809,2022-12-16 06:50:00+00:00,-3,2022-12-16T06:50:00
810,2022-12-16 12:20:00+00:00,2,2022-12-16T12:20:00
811,2022-12-16 15:20:00+00:00,1,2022-12-16T15:20:00
812,2022-12-16 20:20:00+00:00,0,2022-12-16T20:20:00
813,2022-12-18 07:50:00+00:00,2,2022-12-18T07:50:00
814,2022-12-18 08:20:00+00:00,2,2022-12-18T08:20:00
815,2022-12-18 08:50:00+00:00,2,2022-12-18T08:50:00
816,2022-12-18 16:20:00+00:00,9,2022-12-18T16:20:00
817,2022-12-18 18:50:00+00:00,10,2022-12-18T18:50:00
818,2022-12-17 01:50:00+00:00,2,2022-12-17T01:50:00
819,2022-12-23 02:50:00+00:00,7,2022-12-23T02:50:00
820,2022-12-23 03:50:00+00:00,7,2022-12-23T03:50:00
821,2022-12-23 22:50:00+00:00,9,2022-12-23T22:50:00
822,2022-12-24 02:50:00+00:00,8,2022-12-24T02:50:00
823,2022-12-24 08:50:00+00:00,7,2022-12-24T08:50:00
824,2022-12-24 11:20:00+00:00,9,2022-12-24T11:20:00
825,2022-12-24 17:20:00+00:00,9,2022-12-24T17:20:00
826,2022-12-24 18:20:00+00:00,9,2022-12-24T18:20:00
827,2022-12-24 19:20:00+00:00,10,2022-12-24T19:20:00
828,2022-12-24 21:20:00+00:00,10,2022-12-24T21:20:00
829,2022-12-25 03:50:00+00:00,9,2022-12-25T03:50:00
830,2022-12-25 05:50:00+00:00,10,2022-12-25T05:50:00
831,2022-12-25 10:20:00+00:00,10,2022-12-25T10:20:00
832,2022-12-25 14:20:00+00:00,9,2022-12-25T14:20:00
833,2022-12-25 15:20:00+00:00,9,2022-12-25T15:20:00
834,2022-12-27 00:20:00+00:00,5,2022-12-27T00:20:00
835,2022-12-27 01:50:00+00:00,4,2022-12-27T01:50:00
836,2022-12-27 03:50:00+00:00,5,2022-12-27T03:50:00
837,2022-12-27 07:20:00+00:00,5,2022-12-27T07:20:00
838,2022-12-27 07:50:00+00:00,5,2022-12-27T07:50:00
839,2022-12-28 02:20:00+00:00,9,2022-12-28T02:20:00
840,2022-12-28 06:50:00+00:00,10,2022-12-28T06:50:00
841,2022-12-28 09:20:00+00:00,9,2022-12-28T09:20:00
842,2022-12-28 11:20:00+00:00,10,2022-12-28T11:20:00
843,2022-12-28 11:50:00+00:00,10,2022-12-28T11:50:00
844,2022-12-28 16:50:00+00:00,10,2022-12-28T16:50:00
845,2022-12-31 12:20:00+00:00,11,2022-12-31T12:20:00
846,2022-12-31 20:20:00+00:00,10,2022-12-31T20:20:00
847,2022-12-30 09:50:00+00:00,10,2022-12-30T09:50:00
848,2022-12-30 10:20:00+00:00,11,2022-12-30T10:20:00
849,2022-12-30 12:50:00+00:00,11,2022-12-30T12:50:00
850,2022-12-30 13:50:00+00:00,11,2022-12-30T13:50:00
851,2022-12-30 14:50:00+00:00,10,2022-12-30T14:50:00
852,2022-12-30 20:20:00+00:00,9,2022-12-30T20:20:00
853,2022-12-30 21:20:00+00:00,9,2022-12-30T21:20:00
854,2022-12-29 00:50:00+00:00,8,2022-12-29T00:50:00
855,2022-12-29 01:20:00+00:00,8,2022-12-29T01:20:00
856,2022-12-29 02:20:00+00:00,8,2022-12-29T02:20:00
857,2022-12-29 02:50:00+00:00,8,2022-12-29T02:50:00
858,2022-12-29 03:50:00+00:00,7,2022-12-29T03:50:00
859,2022-12-29 07:20:00+00:00,7,2022-12-29T07:20:00
860,2022-12-29 07:50:00+00:00,6,2022-12-29T07:50:00
861,2022-12-29 12:50:00+00:00,7,2022-12-29T12:50:00
862,2022-12-29 19:20:00+00:00,5,2022-12-29T19:20:00
863,2022-12-29 19:50:00+00:00,5,2022-12-29T19:50:00
864,2022-12-29 21:20:00+00:00,5,2022-12-29T21:20:00
865,2022-12-19 14:20:00+00:00,12,2022-12-19T14:20:00
866,2022-12-19 15:20:00+00:00,12,2022-12-19T15:20:00
867,2022-12-19 15:50:00+00:00,12,2022-12-19T15:50:00
868,2022-12-19 22:50:00+00:00,12,2022-12-19T22:50:00
869,2022-12-20 00:20:00+00:00,12,2022-12-20T00:20:00
870,2022-12-20 02:20:00+00:00,9,2022-12-20T02:20:00
871,2022-12-20 04:20:00+00:00,7,2022-12-20T04:20:00
872,2022-12-20 07:50:00+00:00,7,2022-12-20T07:50:00
873,2022-12-20 09:20:00+00:00,7,2022-12-20T09:20:00
874,2022-12-20 12:50:00+00:00,9,2022-12-20T12:50:00
875,2022-12-20 18:20:00+00:00,7,2022-12-20T18:20:00
876,2022-12-21 01:20:00+00:00,8,2022-12-21T01:20:00
877,2022-12-21 08:20:00+00:00,8,2022-12-21T08:20:00
878,2022-12-21 08:50:00+00:00,7,2022-12-21T08:50:00
879,2022-12-21 22:50:00+00:00,7,2022-12-21T22:50:00
880,2022-12-22 01:50:00+00:00,6,2022-12-22T01:50:00
881,2022-12-22 09:50:00+00:00,9,2022-12-22T09:50:00
882,2022-12-22 18:20:00+00:00,9,2022-12-22T18:20:00
883,2022-12-22 19:20:00+00:00,8,2022-12-22T19:20:00
884,2022-12-22 20:50:00+00:00,8,2022-12-22T20:50:00
885,2022-12-22 21:20:00+00:00,8,2022-12-22T21:20:00
886,2022-12-26 00:20:00+00:00,8,2022-12-26T00:20:00
887,2022-12-26 07:50:00+00:00,3,2022-12-26T07:50:00
888,2022-12-26 09:20:00+00:00,4,2022-12-26T09:20:00
889,2022-12-26 13:50:00+00:00,5,2022-12-26T13:50:00
890,2022-12-26 23:20:00+00:00,5,2022-12-26T23:20:00
891,2022-12-19 04:50:00+00:00,12,2022-12-19T04:50:00
892,2022-12-19 06:50:00+00:00,12,2022-12-19T06:50:00
893,2022-12-19 09:50:00+00:00,12,2022-12-19T09:50:00
894,2022-12-19 12:50:00+00:00,12,2022-12-19T12:50:00
895,2022-12-19 18:20:00+00:00,12,2022-12-19T18:20:00
896,2022-12-19 21:20:00+00:00,12,2022-12-19T21:20:00
897,2022-12-20 03:20:00+00:00,8,2022-12-20T03:20:00
898,2022-12-20 05:20:00+00:00,7,2022-12-20T05:20:00
899,2022-12-20 18:50:00+00:00,6,2022-12-20T18:50:00
900,2022-12-20 20:20:00+00:00,6,2022-12-20T20:20:00
901,2022-12-20 22:50:00+00:00,7,2022-12-20T22:50:00
902,2022-12-20 23:50:00+00:00,7,2022-12-20T23:50:00
903,2022-12-21 05:50:00+00:00,8,2022-12-21T05:50:00
904,2022-12-21 06:20:00+00:00,8,2022-12-21T06:20:00
905,2022-12-21 13:20:00+00:00,9,2022-12-21T13:20:00
906,2022-12-21 15:20:00+00:00,9,2022-12-21T15:20:00
907,2022-12-21 15:50:00+00:00,8,2022-12-21T15:50:00
908,2022-12-21 17:50:00+00:00,8,2022-12-21T17:50:00
909,2022-12-21 21:50:00+00:00,7,2022-12-21T21:50:00
910,2022-12-22 04:20:00+00:00,6,2022-12-22T04:20:00
911,2022-12-22 06:50:00+00:00,8,2022-12-22T06:50:00
912,2022-12-22 13:20:00+00:00,10,2022-12-22T13:20:00
913,2022-12-22 17:50:00+00:00,9,2022-12-22T17:50:00
914,2022-12-23 06:50:00+00:00,7,2022-12-23T06:50:00
915,2022-12-23 07:50:00+00:00,8,2022-12-23T07:50:00
916,2022-12-23 08:20:00+00:00,9,2022-12-23T08:20:00
917,2022-12-23 12:50:00+00:00,10,2022-12-23T12:50:00
918,2022-12-23 23:20:00+00:00,9,2022-12-23T23:20:00
919,2022-12-24 00:20:00+00:00,9,2022-12-24T00:20:00
920,2022-12-24 02:20:00+00:00,8,2022-12-24T02:20:00
921,2022-12-24 03:50:00+00:00,8,2022-12-24T03:50:00
922,2022-12-24 05:50:00+00:00,7,2022-12-24T05:50:00
923,2022-12-24 13:20:00+00:00,10,2022-12-24T13:20:00
924,2022-12-24 17:50:00+00:00,9,2022-12-24T17:50:00
925,2022-12-24 21:50:00+00:00,10,2022-12-24T21:50:00
926,2022-12-25 01:50:00+00:00,10,2022-12-25T01:50:00
927,2022-12-25 05:20:00+00:00,10,2022-12-25T05:20:00
928,2022-12-25 12:50:00+00:00,8,2022-12-25T12:50:00
929,2022-12-25 16:20:00+00:00,9,2022-12-25T16:20:00
930,2022-12-25 19:20:00+00:00,9,2022-12-25T19:20:00
931,2022-12-25 20:20:00+00:00,9,2022-12-25T20:20:00
932,2022-12-25 21:50:00+00:00,8,2022-12-25T21:50:00
933,2022-12-25 23:20:00+00:00,9,2022-12-25T23:20:00
934,2022-12-26 00:50:00+00:00,7,2022-12-26T00:50:00
935,2022-12-26 01:20:00+00:00,7,2022-12-26T01:20:00
936,2022-12-26 05:20:00+00:00,4,2022-12-26T05:20:00
937,2022-12-26 08:20:00+00:00,3,2022-12-26T08:20:00
938,2022-12-26 14:20:00+00:00,5,2022-12-26T14:20:00
939,2022-12-26 19:20:00+00:00,5,2022-12-26T19:20:00
940,2022-12-14 00:20:00+00:00,-2,2022-12-14T00:20:00
941,2022-12-14 01:50:00+00:00,-2,2022-12-14T01:50:00
942,2022-12-14 02:20:00+00:00,-2,2022-12-14T02:20:00
943,2022-12-14 03:20:00+00:00,-3,2022-12-14T03:20:00
944,2022-12-14 19:20:00+00:00,-2,2022-12-14T19:20:00
945,2022-12-14 20:50:00+00:00,-3,2022-12-14T20:50:00
946,2022-12-14 21:20:00+00:00,-3,2022-12-14T21:20:00
947,2022-12-14 23:20:00+00:00,-3,2022-12-14T23:20:00
948,2022-12-15 00:50:00+00:00,-4,2022-12-15T00:50:00
949,2022-12-15 03:50:00+00:00,-4,2022-12-15T03:50:00
950,2022-12-15 06:20:00+00:00,-4,2022-12-15T06:20:00
951,2022-12-15 07:50:00+00:00,-4,2022-12-15T07:50:00
952,2022-12-15 08:20:00+00:00,-4,2022-12-15T08:20:00
953,2022-12-15 09:50:00+00:00,-3,2022-12-15T09:50:00
954,2022-12-15 18:20:00+00:00,-1,2022-12-15T18:20:00
955,2022-12-15 19:20:00+00:00,-1,2022-12-15T19:20:00
956,2022-12-15 23:20:00+00:00,-2,2022-12-15T23:20:00
957,2022-12-27 02:50:00+00:00,5,2022-12-27T02:50:00
958,2022-12-27 16:20:00+00:00,8,2022-12-27T16:20:00
959,2022-12-27 16:50:00+00:00,8,2022-12-27T16:50:00
960,2022-12-27 23:50:00+00:00,9,2022-12-27T23:50:00
961,2022-12-28 01:20:00+00:00,9,2022-12-28T01:20:00
962,2022-12-28 04:50:00+00:00,10,2022-12-28T04:50:00
963,2022-12-28 12:50:00+00:00,10,2022-12-28T12:50:00
964,2022-12-28 16:20:00+00:00,10,2022-12-28T16:20:00
965,2022-12-30 03:20:00+00:00,8,2022-12-30T03:20:00
966,2022-12-30 06:20:00+00:00,8,2022-12-30T06:20:00
967,2022-12-30 14:20:00+00:00,11,2022-12-30T14:20:00
968,2022-12-30 17:50:00+00:00,9,2022-12-30T17:50:00
969,2022-12-31 01:20:00+00:00,9,2022-12-31T01:20:00
970,2022-12-31 02:20:00+00:00,9,2022-12-31T02:20:00
971,2022-12-31 04:50:00+00:00,11,2022-12-31T04:50:00
972,2022-12-31 05:50:00+00:00,12,2022-12-31T05:50:00
973,2022-12-31 13:50:00+00:00,11,2022-12-31T13:50:00
974,2022-12-31 20:50:00+00:00,10,2022-12-31T20:50:00
975,2022-12-29 01:50:00+00:00,8,2022-12-29T01:50:00
976,2022-12-29 12:20:00+00:00,6,2022-12-29T12:20:00
977,2022-12-29 20:50:00+00:00,5,2022-12-29T20:50:00
978,2022-12-29 22:20:00+00:00,5,2022-12-29T22:20:00
979,2022-12-29 22:50:00+00:00,5,2022-12-29T22:50:00
980,2022-12-13 04:20:00+00:00,-2,2022-12-13T04:20:00
981,2022-12-13 05:50:00+00:00,-2,2022-12-13T05:50:00
982,2022-12-13 08:20:00+00:00,-2,2022-12-13T08:20:00
983,2022-12-13 09:50:00+00:00,-1,2022-12-13T09:50:00
984,2022-12-13 22:50:00+00:00,-2,2022-12-13T22:50:00
985,2022-12-13 23:50:00+00:00,-2,2022-12-13T23:50:00
986,2022-12-12 02:50:00+00:00,-1,2022-12-12T02:50:00
987,2022-12-12 04:20:00+00:00,-1,2022-12-12T04:20:00
988,2022-12-12 06:50:00+00:00,-2,2022-12-12T06:50:00
989,2022-12-12 07:50:00+00:00,-2,2022-12-12T07:50:00
990,2022-12-12 10:20:00+00:00,-2,2022-12-12T10:20:00
991,2022-12-12 11:20:00+00:00,-2,2022-12-12T11:20:00
992,2022-12-12 13:50:00+00:00,-2,2022-12-12T13:50:00
993,2022-12-12 16:20:00+00:00,-2,2022-12-12T16:20:00
994,2022-12-12 21:20:00+00:00,-2,2022-12-12T21:20:00
995,2022-12-16 09:50:00+00:00,0,2022-12-16T09:50:00
996,2022-12-16 11:50:00+00:00,2,2022-12-16T11:50:00
997,2022-12-16 14:20:00+00:00,2,2022-12-16T14:20:00
998,2022-12-16 18:50:00+00:00,0,2022-12-16T18:50:00
999,2022-12-16 20:50:00+00:00,-1,2022-12-16T20:50:00
1000,2022-12-16 23:50:00+00:00,2,2022-12-16T23:50:00
1001,2022-12-17 02:50:00+00:00,2,2022-12-17T02:50:00
1002,2022-12-17 09:20:00+00:00,3,2022-12-17T09:20:00
1003,2022-12-17 09:50:00+00:00,3,2022-12-17T09:50:00
1004,2022-12-17 20:50:00+00:00,1,2022-12-17T20:50:00
1005,2022-12-17 23:20:00+00:00,3,2022-12-17T23:20:00
1006,2022-12-18 06:50:00+00:00,3,2022-12-18T06:50:00
1007,2022-12-18 11:50:00+00:00,3,2022-12-18T11:50:00
1008,2022-12-18 13:50:00+00:00,7,2022-12-18T13:50:00
1009,2022-12-18 14:20:00+00:00,8,2022-12-18T14:20:00
1010,2022-12-18 19:20:00+00:00,10,2022-12-18T19:20:00
1011,2022-12-18 23:50:00+00:00,12,2022-12-18T23:50:00
1012,2022-12-01 00:20:00+00:00,1,2022-12-01T00:20:00
1013,2022-12-01 08:50:00+00:00,1,2022-12-01T08:50:00
1014,2022-12-01 10:20:00+00:00,2,2022-12-01T10:20:00
1015,2022-12-01 19:50:00+00:00,2,2022-12-01T19:50:00
1016,2022-12-04 05:50:00+00:00,2,2022-12-04T05:50:00
1017,2022-12-04 07:50:00+00:00,2,2022-12-04T07:50:00
1018,2022-12-04 20:50:00+00:00,3,2022-12-04T20:50:00
1019,2022-12-02 02:50:00+00:00,0,2022-12-02T02:50:00
1020,2022-12-02 08:20:00+00:00,0,2022-12-02T08:20:00
1021,2022-12-02 10:50:00+00:00,1,2022-12-02T10:50:00
1022,2022-12-03 02:50:00+00:00,4,2022-12-03T02:50:00
1023,2022-12-03 04:50:00+00:00,4,2022-12-03T04:50:00
1024,2022-12-03 14:50:00+00:00,5,2022-12-03T14:50:00
1025,2022-12-03 15:20:00+00:00,5,2022-12-03T15:20:00
1026,2022-12-03 20:20:00+00:00,4,2022-12-03T20:20:00
1027,2022-12-08 00:20:00+00:00,0,2022-12-08T00:20:00
1028,2022-12-08 10:50:00+00:00,2,2022-12-08T10:50:00
1029,2022-12-08 11:20:00+00:00,3,2022-12-08T11:20:00
1030,2022-12-08 16:20:00+00:00,2,2022-12-08T16:20:00
1031,2022-12-08 22:50:00+00:00,-1,2022-12-08T22:50:00
1032,2022-12-09 03:50:00+00:00,-4,2022-12-09T03:50:00
1033,2022-12-09 09:20:00+00:00,0,2022-12-09T09:20:00
1034,2022-12-09 13:50:00+00:00,3,2022-12-09T13:50:00
1035,2022-12-10 02:20:00+00:00,1,2022-12-10T02:20:00
1036,2022-12-10 07:50:00+00:00,0,2022-12-10T07:50:00
1037,2022-12-10 13:50:00+00:00,3,2022-12-10T13:50:00
1038,2022-12-10 19:50:00+00:00,1,2022-12-10T19:50:00
1039,2022-12-05 00:20:00+00:00,3,2022-12-05T00:20:00
1040,2022-12-05 01:50:00+00:00,3,2022-12-05T01:50:00
1041,2022-12-05 04:50:00+00:00,3,2022-12-05T04:50:00
1042,2022-12-06 00:50:00+00:00,5,2022-12-06T00:50:00
1043,2022-12-06 01:50:00+00:00,5,2022-12-06T01:50:00
1044,2022-12-06 03:20:00+00:00,4,2022-12-06T03:20:00
1045,2022-12-06 04:20:00+00:00,4,2022-12-06T04:20:00
1046,2022-12-06 10:50:00+00:00,4,2022-12-06T10:50:00
1047,2022-12-06 15:50:00+00:00,3,2022-12-06T15:50:00
1048,2022-12-06 16:20:00+00:00,3,2022-12-06T16:20:00
1049,2022-12-06 23:50:00+00:00,2,2022-12-06T23:50:00
1050,2022-12-07 11:20:00+00:00,3,2022-12-07T11:20:00
1051,2022-12-07 18:20:00+00:00,1,2022-12-07T18:20:00
1052,2022-12-07 21:50:00+00:00,1,2022-12-07T21:50:00
1053,2022-12-20 01:20:00+00:00,9,2022-12-20T01:20:00
1054,2022-12-20 01:50:00+00:00,9,2022-12-20T01:50:00
1055,2022-12-20 03:50:00+00:00,8,2022-12-20T03:50:00
1056,2022-12-20 10:50:00+00:00,8,2022-12-20T10:50:00
1057,2022-12-20 13:20:00+00:00,9,2022-12-20T13:20:00
1058,2022-12-20 15:20:00+00:00,9,2022-12-20T15:20:00
1059,2022-12-20 16:20:00+00:00,7,2022-12-20T16:20:00
1060,2022-12-20 21:50:00+00:00,6,2022-12-20T21:50:00
1061,2022-12-21 00:50:00+00:00,8,2022-12-21T00:50:00
1062,2022-12-21 02:20:00+00:00,8,2022-12-21T02:20:00
1063,2022-12-21 04:20:00+00:00,8,2022-12-21T04:20:00
1064,2022-12-21 20:20:00+00:00,6,2022-12-21T20:20:00
1065,2022-12-21 22:20:00+00:00,7,2022-12-21T22:20:00
1066,2022-12-23 05:50:00+00:00,7,2022-12-23T05:50:00
1067,2022-12-23 09:50:00+00:00,10,2022-12-23T09:50:00
1068,2022-12-23 14:20:00+00:00,10,2022-12-23T14:20:00
1069,2022-12-23 15:50:00+00:00,10,2022-12-23T15:50:00
1070,2022-12-23 16:50:00+00:00,9,2022-12-23T16:50:00
1071,2022-12-24 04:50:00+00:00,7,2022-12-24T04:50:00
1072,2022-12-24 12:20:00+00:00,10,2022-12-24T12:20:00
1073,2022-12-24 15:50:00+00:00,9,2022-12-24T15:50:00
1074,2022-12-24 18:50:00+00:00,10,2022-12-24T18:50:00
1075,2022-12-24 20:50:00+00:00,10,2022-12-24T20:50:00
1076,2022-12-24 22:50:00+00:00,10,2022-12-24T22:50:00
1077,2022-12-27 03:20:00+00:00,5,2022-12-27T03:20:00
1078,2022-12-27 05:20:00+00:00,5,2022-12-27T05:20:00
1079,2022-12-27 06:20:00+00:00,5,2022-12-27T06:20:00
1080,2022-12-27 06:50:00+00:00,5,2022-12-27T06:50:00
1081,2022-12-27 08:50:00+00:00,6,2022-12-27T08:50:00
1082,2022-12-27 09:20:00+00:00,7,2022-12-27T09:20:00
1083,2022-12-27 10:20:00+00:00,7,2022-12-27T10:20:00
1084,2022-12-27 17:50:00+00:00,8,2022-12-27T17:50:00
1085,2022-12-25 09:50:00+00:00,10,2022-12-25T09:50:00
1086,2022-12-25 10:50:00+00:00,10,2022-12-25T10:50:00
1087,2022-12-25 16:50:00+00:00,9,2022-12-25T16:50:00
1088,2022-12-28 05:50:00+00:00,10,2022-12-28T05:50:00
1089,2022-12-28 08:50:00+00:00,9,2022-12-28T08:50:00
1090,2022-12-28 13:50:00+00:00,11,2022-12-28T13:50:00
1091,2022-12-28 14:50:00+00:00,11,2022-12-28T14:50:00
1092,2022-12-28 15:20:00+00:00,10,2022-12-28T15:20:00
1093,2022-12-28 20:50:00+00:00,9,2022-12-28T20:50:00
1094,2022-12-28 22:20:00+00:00,8,2022-12-28T22:20:00
1095,2022-12-29 08:20:00+00:00,6,2022-12-29T08:20:00
1096,2022-12-29 15:20:00+00:00,7,2022-12-29T15:20:00
1097,2022-12-26 01:50:00+00:00,7,2022-12-26T01:50:00
1098,2022-12-26 03:50:00+00:00,5,2022-12-26T03:50:00
1099,2022-12-26 04:20:00+00:00,5,2022-12-26T04:20:00
1100,2022-12-26 06:20:00+00:00,4,2022-12-26T06:20:00
1101,2022-12-26 13:20:00+00:00,4,2022-12-26T13:20:00
1102,2022-12-26 15:50:00+00:00,5,2022-12-26T15:50:00
1103,2022-12-26 18:50:00+00:00,5,2022-12-26T18:50:00
1104,2022-12-26 21:50:00+00:00,4,2022-12-26T21:50:00
1105,2022-12-23 02:20:00+00:00,7,2022-12-23T02:20:00
1106,2022-12-23 03:20:00+00:00,8,2022-12-23T03:20:00
1107,2022-12-23 04:50:00+00:00,7,2022-12-23T04:50:00
1108,2022-12-23 08:50:00+00:00,9,2022-12-23T08:50:00
1109,2022-12-23 09:20:00+00:00,10,2022-12-23T09:20:00
1110,2022-12-23 11:20:00+00:00,11,2022-12-23T11:20:00
1111,2022-12-23 13:50:00+00:00,10,2022-12-23T13:50:00
1112,2022-12-23 15:20:00+00:00,10,2022-12-23T15:20:00
1113,2022-12-23 18:50:00+00:00,9,2022-12-23T18:50:00
1114,2022-12-23 21:20:00+00:00,9,2022-12-23T21:20:00
1115,2022-12-24 01:20:00+00:00,9,2022-12-24T01:20:00
1116,2022-12-24 08:20:00+00:00,6,2022-12-24T08:20:00
1117,2022-12-24 09:20:00+00:00,7,2022-12-24T09:20:00
1118,2022-12-24 11:50:00+00:00,9,2022-12-24T11:50:00
1119,2022-12-24 16:50:00+00:00,9,2022-12-24T16:50:00
1120,2022-12-25 00:50:00+00:00,10,2022-12-25T00:50:00
1121,2022-12-25 04:20:00+00:00,10,2022-12-25T04:20:00
1122,2022-12-25 15:50:00+00:00,9,2022-12-25T15:50:00
1123,2022-12-25 22:20:00+00:00,8,2022-12-25T22:20:00
1124,2022-12-30 07:20:00+00:00,8,2022-12-30T07:20:00
1125,2022-12-30 12:20:00+00:00,11,2022-12-30T12:20:00
1126,2022-12-30 15:50:00+00:00,10,2022-12-30T15:50:00
1127,2022-12-30 16:50:00+00:00,9,2022-12-30T16:50:00
1128,2022-12-30 21:50:00+00:00,9,2022-12-30T21:50:00
1129,2022-12-30 22:50:00+00:00,9,2022-12-30T22:50:00
1130,2022-12-30 23:50:00+00:00,10,2022-12-30T23:50:00
1131,2022-12-15 00:20:00+00:00,-4,2022-12-15T00:20:00
1132,2022-12-15 07:20:00+00:00,-4,2022-12-15T07:20:00
1133,2022-12-15 11:20:00+00:00,-1,2022-12-15T11:20:00
1134,2022-12-15 20:20:00+00:00,-1,2022-12-15T20:20:00
1135,2022-12-16 01:20:00+00:00,-2,2022-12-16T01:20:00
1136,2022-12-16 10:20:00+00:00,0,2022-12-16T10:20:00
1137,2022-12-16 10:50:00+00:00,1,2022-12-16T10:50:00
1138,2022-12-16 13:50:00+00:00,3,2022-12-16T13:50:00
1139,2022-12-17 03:50:00+00:00,3,2022-12-17T03:50:00
1140,2022-12-17 07:20:00+00:00,3,2022-12-17T07:20:00
1141,2022-12-17 07:50:00+00:00,3,2022-12-17T07:50:00
1142,2022-12-17 15:50:00+00:00,4,2022-12-17T15:50:00
1143,2022-12-17 19:50:00+00:00,2,2022-12-17T19:50:00
1144,2022-12-17 20:20:00+00:00,1,2022-12-17T20:20:00
1145,2022-12-17 22:20:00+00:00,1,2022-12-17T22:20:00
1146,2022-12-18 00:20:00+00:00,1,2022-12-18T00:20:00
1147,2022-12-18 00:50:00+00:00,0,2022-12-18T00:50:00
1148,2022-12-18 01:20:00+00:00,-1,2022-12-18T01:20:00
1149,2022-12-18 01:50:00+00:00,0,2022-12-18T01:50:00
1150,2022-12-18 03:20:00+00:00,0,2022-12-18T03:20:00
1151,2022-12-18 21:20:00+00:00,11,2022-12-18T21:20:00
1152,2022-12-18 22:50:00+00:00,12,2022-12-18T22:50:00
1153,2022-12-12 00:20:00+00:00,0,2022-12-12T00:20:00
1154,2022-12-12 02:20:00+00:00,-1,2022-12-12T02:20:00
1155,2022-12-12 08:50:00+00:00,-2,2022-12-12T08:50:00
1156,2022-12-12 13:20:00+00:00,-1,2022-12-12T13:20:00
1157,2022-12-12 14:50:00+00:00,-2,2022-12-12T14:50:00
1158,2022-12-12 17:50:00+00:00,-2,2022-12-12T17:50:00
1159,2022-12-12 18:50:00+00:00,-2,2022-12-12T18:50:00
1160,2022-12-12 20:20:00+00:00,-2,2022-12-12T20:20:00
1161,2022-12-22 04:50:00+00:00,7,2022-12-22T04:50:00
1162,2022-12-22 08:50:00+00:00,9,2022-12-22T08:50:00
1163,2022-12-22 10:20:00+00:00,9,2022-12-22T10:20:00
1164,2022-12-22 14:20:00+00:00,10,2022-12-22T14:20:00
1165,2022-12-22 15:20:00+00:00,10,2022-12-22T15:20:00
1166,2022-12-22 19:50:00+00:00,8,2022-12-22T19:50:00
1167,2022-12-11 01:20:00+00:00,0,2022-12-11T01:20:00
1168,2022-12-11 01:50:00+00:00,0,2022-12-11T01:50:00
1169,2022-12-11 03:50:00+00:00,0,2022-12-11T03:50:00
1170,2022-12-11 12:20:00+00:00,0,2022-12-11T12:20:00
1171,2022-12-11 13:20:00+00:00,0,2022-12-11T13:20:00
1172,2022-12-11 13:50:00+00:00,0,2022-12-11T13:50:00
1173,2022-12-13 03:50:00+00:00,-1,2022-12-13T03:50:00
1174,2022-12-13 06:20:00+00:00,-2,2022-12-13T06:20:00
1175,2022-12-13 10:50:00+00:00,-1,2022-12-13T10:50:00
1176,2022-12-13 12:50:00+00:00,0,2022-12-13T12:50:00
1177,2022-12-13 15:50:00+00:00,-1,2022-12-13T15:50:00
1178,2022-12-31 00:50:00+00:00,10,2022-12-31T00:50:00
1179,2022-12-31 01:50:00+00:00,9,2022-12-31T01:50:00
1180,2022-12-31 03:50:00+00:00,10,2022-12-31T03:50:00
1181,2022-12-31 05:20:00+00:00,12,2022-12-31T05:20:00
1182,2022-12-31 09:20:00+00:00,12,2022-12-31T09:20:00
1183,2022-12-31 11:20:00+00:00,11,2022-12-31T11:20:00
1184,2022-12-31 14:50:00+00:00,11,2022-12-31T14:50:00
1185,2022-12-31 16:50:00+00:00,11,2022-12-31T16:50:00
1186,2022-12-31 21:20:00+00:00,10,2022-12-31T21:20:00
1187,2022-12-31 22:20:00+00:00,9,2022-12-31T22:20:00
1188,2022-12-14 05:20:00+00:00,-3,2022-12-14T05:20:00
1189,2022-12-14 07:20:00+00:00,-3,2022-12-14T07:20:00
1190,2022-12-14 07:50:00+00:00,-3,2022-12-14T07:50:00
1191,2022-12-14 11:50:00+00:00,-2,2022-12-14T11:50:00
1192,2022-12-14 14:20:00+00:00,-2,2022-12-14T14:20:00
1193,2022-12-14 16:20:00+00:00,-2,2022-12-14T16:20:00
1194,2022-12-19 04:20:00+00:00,12,2022-12-19T04:20:00
1195,2022-12-19 09:20:00+00:00,12,2022-12-19T09:20:00
1196,2022-12-19 13:20:00+00:00,12,2022-12-19T13:20:00
1197,2022-12-19 19:50:00+00:00,12,2022-12-19T19:50:00
1198,2022-12-19 23:20:00+00:00,12,2022-12-19T23:20:00
1199,2022-12-29 10:50:00+00:00,6,2022-12-29T10:50:00
1200,2022-12-29 13:20:00+00:00,6,2022-12-29T13:20:00
1201,2022-12-29 13:50:00+00:00,6,2022-12-29T13:50:00
1202,2022-12-29 16:50:00+00:00,5,2022-12-29T16:50:00
1203,2022-12-30 01:50:00+00:00,8,2022-12-30T01:50:00
1204,2022-12-30 03:50:00+00:00,8,2022-12-30T03:50:00
1205,2022-12-30 05:20:00+00:00,8,2022-12-30T05:20:00
1206,2022-12-30 05:50:00+00:00,8,2022-12-30T05:50:00
1207,2022-12-30 08:20:00+00:00,8,2022-12-30T08:20:00
1208,2022-12-30 08:50:00+00:00,9,2022-12-30T08:50:00
1209,2022-12-30 10:50:00+00:00,11,2022-12-30T10:50:00
1210,2022-12-30 18:50:00+00:00,9,2022-12-30T18:50:00
1211,2022-12-31 04:20:00+00:00,11,2022-12-31T04:20:00
1212,2022-12-31 08:20:00+00:00,12,2022-12-31T08:20:00
1213,2022-12-31 09:50:00+00:00,11,2022-12-31T09:50:00
1214,2022-12-31 17:50:00+00:00,11,2022-12-31T17:50:00
1215,2022-12-31 18:20:00+00:00,11,2022-12-31T18:20:00
1216,2022-12-31 19:50:00+00:00,10,2022-12-31T19:50:00
1217,2022-12-09 02:50:00+00:00,-3,2022-12-09T02:50:00
1218,2022-12-09 07:50:00+00:00,0,2022-12-09T07:50:00
1219,2022-12-09 10:20:00+00:00,1,2022-12-09T10:20:00
1220,2022-12-09 11:50:00+00:00,2,2022-12-09T11:50:00
1221,2022-12-09 14:20:00+00:00,3,2022-12-09T14:20:00
1222,2022-12-09 15:20:00+00:00,1,2022-12-09T15:20:00
1223,2022-12-09 16:50:00+00:00,0,2022-12-09T16:50:00
1224,2022-12-09 17:20:00+00:00,0,2022-12-09T17:20:00
1225,2022-12-09 18:20:00+00:00,0,2022-12-09T18:20:00
1226,2022-12-09 19:20:00+00:00,1,2022-12-09T19:20:00
1227,2022-12-09 23:20:00+00:00,1,2022-12-09T23:20:00
1228,2022-12-10 03:20:00+00:00,1,2022-12-10T03:20:00
1229,2022-12-10 06:20:00+00:00,0,2022-12-10T06:20:00
1230,2022-12-10 12:20:00+00:00,3,2022-12-10T12:20:00
1231,2022-12-10 15:20:00+00:00,3,2022-12-10T15:20:00
1232,2022-12-10 16:50:00+00:00,2,2022-12-10T16:50:00
1233,2022-12-10 18:20:00+00:00,1,2022-12-10T18:20:00
1234,2022-12-10 23:20:00+00:00,0,2022-12-10T23:20:00
1235,2022-12-13 00:20:00+00:00,-1,2022-12-13T00:20:00
1236,2022-12-13 03:20:00+00:00,-1,2022-12-13T03:20:00
1237,2022-12-13 17:20:00+00:00,-1,2022-12-13T17:20:00
1238,2022-12-13 21:50:00+00:00,-2,2022-12-13T21:50:00
1239,2022-12-14 04:50:00+00:00,-3,2022-12-14T04:50:00
1240,2022-12-14 13:20:00+00:00,-3,2022-12-14T13:20:00
1241,2022-12-14 13:50:00+00:00,-2,2022-12-14T13:50:00
1242,2022-12-14 14:50:00+00:00,-2,2022-12-14T14:50:00
1243,2022-12-14 15:20:00+00:00,-2,2022-12-14T15:20:00
1244,2022-12-14 17:20:00+00:00,-3,2022-12-14T17:20:00
1245,2022-12-14 19:50:00+00:00,-2,2022-12-14T19:50:00
1246,2022-12-15 01:50:00+00:00,-4,2022-12-15T01:50:00
1247,2022-12-15 05:20:00+00:00,-5,2022-12-15T05:20:00
1248,2022-12-16 02:20:00+00:00,-2,2022-12-16T02:20:00
1249,2022-12-16 03:20:00+00:00,-3,2022-12-16T03:20:00
1250,2022-12-16 05:50:00+00:00,-3,2022-12-16T05:50:00
1251,2022-12-16 07:20:00+00:00,-3,2022-12-16T07:20:00
1252,2022-12-16 11:20:00+00:00,3,2022-12-16T11:20:00
1253,2022-12-16 17:50:00+00:00,-1,2022-12-16T17:50:00
1254,2022-12-16 19:50:00+00:00,0,2022-12-16T19:50:00
1255,2022-12-16 22:50:00+00:00,1,2022-12-16T22:50:00
1256,2022-12-18 02:20:00+00:00,0,2022-12-18T02:20:00
1257,2022-12-18 09:50:00+00:00,2,2022-12-18T09:50:00
1258,2022-12-18 11:20:00+00:00,2,2022-12-18T11:20:00
1259,2022-12-18 12:50:00+00:00,4,2022-12-18T12:50:00
1260,2022-12-18 15:20:00+00:00,8,2022-12-18T15:20:00
1261,2022-12-18 16:50:00+00:00,9,2022-12-18T16:50:00
1262,2022-12-18 21:50:00+00:00,11,2022-12-18T21:50:00
1263,2022-12-18 22:20:00+00:00,11,2022-12-18T22:20:00
1264,2022-12-17 03:20:00+00:00,3,2022-12-17T03:20:00
1265,2022-12-17 05:50:00+00:00,3,2022-12-17T05:50:00
1266,2022-12-17 06:20:00+00:00,3,2022-12-17T06:20:00
1267,2022-12-17 13:50:00+00:00,5,2022-12-17T13:50:00
1268,2022-12-17 16:50:00+00:00,4,2022-12-17T16:50:00
1269,2022-12-17 18:50:00+00:00,2,2022-12-17T18:50:00
1270,2022-12-17 21:20:00+00:00,0,2022-12-17T21:20:00
1271,2022-12-20 12:20:00+00:00,9,2022-12-20T12:20:00
1272,2022-12-20 19:20:00+00:00,6,2022-12-20T19:20:00
1273,2022-12-20 23:20:00+00:00,7,2022-12-20T23:20:00
1274,2022-12-21 00:20:00+00:00,8,2022-12-21T00:20:00
1275,2022-12-21 03:50:00+00:00,8,2022-12-21T03:50:00
1276,2022-12-21 09:50:00+00:00,8,2022-12-21T09:50:00
1277,2022-12-21 10:20:00+00:00,8,2022-12-21T10:20:00
1278,2022-12-21 10:50:00+00:00,9,2022-12-21T10:50:00
1279,2022-12-21 12:50:00+00:00,9,2022-12-21T12:50:00
1280,2022-12-21 14:20:00+00:00,9,2022-12-21T14:20:00
1281,2022-12-21 14:50:00+00:00,9,2022-12-21T14:50:00
1282,2022-12-21 16:50:00+00:00,8,2022-12-21T16:50:00
1283,2022-12-21 18:50:00+00:00,6,2022-12-21T18:50:00
1284,2022-12-21 19:20:00+00:00,7,2022-12-21T19:20:00
1285,2022-12-21 23:20:00+00:00,7,2022-12-21T23:20:00
1286,2022-12-22 00:20:00+00:00,7,2022-12-22T00:20:00
1287,2022-12-22 05:20:00+00:00,7,2022-12-22T05:20:00
1288,2022-12-22 06:20:00+00:00,8,2022-12-22T06:20:00
1289,2022-12-22 10:50:00+00:00,9,2022-12-22T10:50:00
1290,2022-12-22 11:50:00+00:00,10,2022-12-22T11:50:00
1291,2022-12-22 18:50:00+00:00,9,2022-12-22T18:50:00
1292,2022-12-22 22:20:00+00:00,8,2022-12-22T22:20:00
1293,2022-12-19 00:20:00+00:00,12,2022-12-19T00:20:00
1294,2022-12-19 01:50:00+00:00,12,2022-12-19T01:50:00
1295,2022-12-19 10:50:00+00:00,12,2022-12-19T10:50:00
1296,2022-12-19 13:50:00+00:00,12,2022-12-19T13:50:00
1297,2022-12-19 16:20:00+00:00,12,2022-12-19T16:20:00
1298,2022-12-19 17:20:00+00:00,12,2022-12-19T17:20:00
1299,2022-12-19 19:20:00+00:00,12,2022-12-19T19:20:00
1300,2022-12-19 20:50:00+00:00,12,2022-12-19T20:50:00
1301,2022-12-26 02:20:00+00:00,6,2022-12-26T02:20:00
1302,2022-12-26 03:20:00+00:00,5,2022-12-26T03:20:00
1303,2022-12-26 11:20:00+00:00,5,2022-12-26T11:20:00
1304,2022-12-26 14:50:00+00:00,5,2022-12-26T14:50:00
1305,2022-12-26 15:20:00+00:00,5,2022-12-26T15:20:00
1306,2022-12-26 16:50:00+00:00,5,2022-12-26T16:50:00
1307,2022-12-26 22:20:00+00:00,5,2022-12-26T22:20:00
1308,2022-12-27 10:50:00+00:00,8,2022-12-27T10:50:00
1309,2022-12-27 13:20:00+00:00,8,2022-12-27T13:20:00
1310,2022-12-27 13:50:00+00:00,8,2022-12-27T13:50:00
1311,2022-12-27 15:50:00+00:00,8,2022-12-27T15:50:00
1312,2022-12-27 18:50:00+00:00,8,2022-12-27T18:50:00
1313,2022-12-28 05:20:00+00:00,10,2022-12-28T05:20:00
1314,2022-12-28 15:50:00+00:00,10,2022-12-28T15:50:00
1315,2022-12-28 23:20:00+00:00,8,2022-12-28T23:20:00
1316,2022-12-05 01:20:00+00:00,3,2022-12-05T01:20:00
1317,2022-12-05 09:20:00+00:00,4,2022-12-05T09:20:00
1318,2022-12-05 14:20:00+00:00,6,2022-12-05T14:20:00
1319,2022-12-05 14:50:00+00:00,6,2022-12-05T14:50:00
1320,2022-12-05 18:20:00+00:00,6,2022-12-05T18:20:00
1321,2022-12-05 19:50:00+00:00,6,2022-12-05T19:50:00
1322,2022-12-08 01:50:00+00:00,0,2022-12-08T01:50:00
1323,2022-12-08 03:20:00+00:00,-1,2022-12-08T03:20:00
1324,2022-12-08 05:50:00+00:00,0,2022-12-08T05:50:00
1325,2022-12-08 08:20:00+00:00,0,2022-12-08T08:20:00
1326,2022-12-08 08:50:00+00:00,0,2022-12-08T08:50:00
1327,2022-12-08 10:20:00+00:00,2,2022-12-08T10:20:00
1328,2022-12-08 19:20:00+00:00,0,2022-12-08T19:20:00
1329,2022-12-09 00:50:00+00:00,-2,2022-12-09T00:50:00
1330,2022-12-09 16:20:00+00:00,0,2022-12-09T16:20:00
1331,2022-12-09 21:50:00+00:00,0,2022-12-09T21:50:00
1332,2022-12-01 03:20:00+00:00,1,2022-12-01T03:20:00
1333,2022-12-01 04:20:00+00:00,1,2022-12-01T04:20:00
1334,2022-12-01 15:20:00+00:00,4,2022-12-01T15:20:00
1335,2022-12-01 18:20:00+00:00,3,2022-12-01T18:20:00
1336,2022-12-01 18:50:00+00:00,3,2022-12-01T18:50:00
1337,2022-12-02 01:20:00+00:00,0,2022-12-02T01:20:00
1338,2022-12-02 13:50:00+00:00,3,2022-12-02T13:50:00
1339,2022-12-02 16:50:00+00:00,3,2022-12-02T16:50:00
1340,2022-12-02 19:20:00+00:00,4,2022-12-02T19:20:00
1341,2022-12-02 21:20:00+00:00,4,2022-12-02T21:20:00
1342,2022-12-02 22:20:00+00:00,4,2022-12-02T22:20:00
1343,2022-12-03 00:20:00+00:00,4,2022-12-03T00:20:00
1344,2022-12-03 09:50:00+00:00,4,2022-12-03T09:50:00
1345,2022-12-03 14:20:00+00:00,5,2022-12-03T14:20:00
1346,2022-12-03 18:20:00+00:00,4,2022-12-03T18:20:00
1347,2022-12-03 20:50:00+00:00,4,2022-12-03T20:50:00
1348,2022-12-03 23:50:00+00:00,3,2022-12-03T23:50:00
1349,2022-12-04 00:50:00+00:00,3,2022-12-04T00:50:00
1350,2022-12-04 04:20:00+00:00,2,2022-12-04T04:20:00
1351,2022-12-04 05:20:00+00:00,2,2022-12-04T05:20:00
1352,2022-12-04 10:20:00+00:00,2,2022-12-04T10:20:00
1353,2022-12-04 11:20:00+00:00,2,2022-12-04T11:20:00
1354,2022-12-04 11:50:00+00:00,3,2022-12-04T11:50:00
1355,2022-12-04 15:20:00+00:00,3,2022-12-04T15:20:00
1356,2022-12-06 03:50:00+00:00,4,2022-12-06T03:50:00
1357,2022-12-06 05:20:00+00:00,4,2022-12-06T05:20:00
1358,2022-12-06 10:20:00+00:00,4,2022-12-06T10:20:00
1359,2022-12-06 11:50:00+00:00,4,2022-12-06T11:50:00
1360,2022-12-06 14:50:00+00:00,4,2022-12-06T14:50:00
1361,2022-12-06 18:50:00+00:00,4,2022-12-06T18:50:00
1362,2022-12-10 09:50:00+00:00,1,2022-12-10T09:50:00
1363,2022-12-10 10:20:00+00:00,1,2022-12-10T10:20:00
1364,2022-12-10 22:20:00+00:00,1,2022-12-10T22:20:00
1365,2022-12-11 02:20:00+00:00,-1,2022-12-11T02:20:00
1366,2022-12-11 05:50:00+00:00,0,2022-12-11T05:50:00
1367,2022-12-11 06:20:00+00:00,0,2022-12-11T06:20:00
1368,2022-12-11 10:50:00+00:00,-1,2022-12-11T10:50:00
1369,2022-12-11 20:20:00+00:00,0,2022-12-11T20:20:00
1370,2022-12-11 20:50:00+00:00,0,2022-12-11T20:50:00
1371,2022-12-11 23:20:00+00:00,0,2022-12-11T23:20:00
1372,2022-12-15 12:20:00+00:00,0,2022-12-15T12:20:00
1373,2022-12-15 12:50:00+00:00,0,2022-12-15T12:50:00
1374,2022-12-15 17:50:00+00:00,-1,2022-12-15T17:50:00
1375,2022-12-16 01:50:00+00:00,-3,2022-12-16T01:50:00
1376,2022-12-16 04:50:00+00:00,-3,2022-12-16T04:50:00
1377,2022-12-16 08:50:00+00:00,-1,2022-12-16T08:50:00
1378,2022-12-16 13:20:00+00:00,3,2022-12-16T13:20:00
1379,2022-12-16 14:50:00+00:00,3,2022-12-16T14:50:00
1380,2022-12-16 16:20:00+00:00,0,2022-12-16T16:20:00
1381,2022-12-16 23:20:00+00:00,2,2022-12-16T23:20:00
1382,2022-12-17 14:50:00+00:00,5,2022-12-17T14:50:00
1383,2022-12-17 17:20:00+00:00,4,2022-12-17T17:20:00
1384,2022-12-17 17:50:00+00:00,4,2022-12-17T17:50:00
1385,2022-12-17 18:20:00+00:00,3,2022-12-17T18:20:00
1386,2022-12-17 23:50:00+00:00,1,2022-12-17T23:50:00
1387,2022-12-18 05:50:00+00:00,1,2022-12-18T05:50:00
1388,2022-12-18 12:20:00+00:00,3,2022-12-18T12:20:00
1389,2022-12-18 14:50:00+00:00,8,2022-12-18T14:50:00
1390,2022-12-18 18:20:00+00:00,10,2022-12-18T18:20:00
1391,2022-12-14 00:50:00+00:00,-2,2022-12-14T00:50:00
1392,2022-12-14 04:20:00+00:00,-3,2022-12-14T04:20:00
1393,2022-12-14 09:20:00+00:00,-3,2022-12-14T09:20:00
1394,2022-12-14 09:50:00+00:00,-3,2022-12-14T09:50:00
1395,2022-12-14 17:50:00+00:00,-3,2022-12-14T17:50:00
1396,2022-12-14 18:50:00+00:00,-2,2022-12-14T18:50:00
1397,2022-12-14 22:50:00+00:00,-3,2022-12-14T22:50:00
1398,2022-12-13 00:50:00+00:00,-1,2022-12-13T00:50:00
1399,2022-12-13 01:50:00+00:00,-1,2022-12-13T01:50:00
1400,2022-12-13 02:20:00+00:00,-1,2022-12-13T02:20:00
1401,2022-12-13 04:50:00+00:00,-2,2022-12-13T04:50:00
1402,2022-12-13 07:20:00+00:00,-2,2022-12-13T07:20:00
1403,2022-12-13 08:50:00+00:00,-2,2022-12-13T08:50:00
1404,2022-12-13 16:20:00+00:00,-1,2022-12-13T16:20:00
1405,2022-12-13 18:20:00+00:00,-1,2022-12-13T18:20:00
1406,2022-12-13 19:20:00+00:00,-1,2022-12-13T19:20:00
1407,2022-12-12 03:20:00+00:00,-1,2022-12-12T03:20:00
1408,2022-12-12 03:50:00+00:00,-1,2022-12-12T03:50:00
1409,2022-12-12 04:50:00+00:00,-1,2022-12-12T04:50:00
1410,2022-12-12 10:50:00+00:00,-2,2022-12-12T10:50:00
1411,2022-12-12 16:50:00+00:00,-2,2022-12-12T16:50:00
1412,2022-12-12 18:20:00+00:00,-2,2022-12-12T18:20:00
1413,2022-12-07 00:20:00+00:00,2,2022-12-07T00:20:00
1414,2022-12-07 00:50:00+00:00,2,2022-12-07T00:50:00
1415,2022-12-07 04:20:00+00:00,1,2022-12-07T04:20:00
1416,2022-12-07 05:20:00+00:00,1,2022-12-07T05:20:00
1417,2022-12-07 06:50:00+00:00,1,2022-12-07T06:50:00
1418,2022-12-07 07:50:00+00:00,0,2022-12-07T07:50:00
1419,2022-12-07 16:20:00+00:00,2,2022-12-07T16:20:00
1420,2022-12-07 22:50:00+00:00,1,2022-12-07T22:50:00
1421,2022-12-19 03:50:00+00:00,12,2022-12-19T03:50:00
1422,2022-12-19 05:50:00+00:00,12,2022-12-19T05:50:00
1423,2022-12-19 08:50:00+00:00,12,2022-12-19T08:50:00
1424,2022-12-19 14:50:00+00:00,12,2022-12-19T14:50:00
1425,2022-12-19 22:20:00+00:00,12,2022-12-19T22:20:00
1426,2022-12-23 00:20:00+00:00,8,2022-12-23T00:20:00
1427,2022-12-23 14:50:00+00:00,10,2022-12-23T14:50:00
1428,2022-12-23 18:20:00+00:00,9,2022-12-23T18:20:00
1429,2022-12-20 08:50:00+00:00,6,2022-12-20T08:50:00
1430,2022-12-20 10:20:00+00:00,8,2022-12-20T10:20:00
1431,2022-12-20 11:20:00+00:00,8,2022-12-20T11:20:00
1432,2022-12-20 17:20:00+00:00,7,2022-12-20T17:20:00
1433,2022-12-20 19:50:00+00:00,6,2022-12-20T19:50:00
1434,2022-12-20 22:20:00+00:00,7,2022-12-20T22:20:00
1435,2022-12-21 02:50:00+00:00,8,2022-12-21T02:50:00
1436,2022-12-21 03:20:00+00:00,8,2022-12-21T03:20:00
1437,2022-12-21 11:20:00+00:00,9,2022-12-21T11:20:00
1438,2022-12-21 13:50:00+00:00,9,2022-12-21T13:50:00
1439,2022-12-21 20:50:00+00:00,6,2022-12-21T20:50:00
1440,2022-12-22 03:20:00+00:00,5,2022-12-22T03:20:00
1441,2022-12-22 03:50:00+00:00,5,2022-12-22T03:50:00
1442,2022-12-22 07:50:00+00:00,9,2022-12-22T07:50:00
1443,2022-12-22 12:20:00+00:00,10,2022-12-22T12:20:00
1444,2022-12-22 21:50:00+00:00,8,2022-12-22T21:50:00
1445,2022-12-22 23:50:00+00:00,7,2022-12-22T23:50:00
1446,2022-12-24 03:20:00+00:00,8,2022-12-24T03:20:00
1447,2022-12-24 06:20:00+00:00,7,2022-12-24T06:20:00
1448,2022-12-24 07:50:00+00:00,6,2022-12-24T07:50:00
1449,2022-12-24 15:20:00+00:00,10,2022-12-24T15:20:00
1450,2022-12-24 22:20:00+00:00,9,2022-12-24T22:20:00
1451,2022-12-25 01:20:00+00:00,10,2022-12-25T01:20:00
1452,2022-12-25 07:50:00+00:00,10,2022-12-25T07:50:00
1453,2022-12-25 17:20:00+00:00,9,2022-12-25T17:20:00
1454,2022-12-25 20:50:00+00:00,8,2022-12-25T20:50:00
1455,2022-12-26 04:50:00+00:00,4,2022-12-26T04:50:00
1456,2022-12-26 06:50:00+00:00,4,2022-12-26T06:50:00
1457,2022-12-26 07:20:00+00:00,4,2022-12-26T07:20:00
1458,2022-12-26 10:20:00+00:00,5,2022-12-26T10:20:00
1459,2022-12-26 16:20:00+00:00,5,2022-12-26T16:20:00
1460,2022-12-26 17:20:00+00:00,5,2022-12-26T17:20:00
1461,2022-12-26 23:50:00+00:00,4,2022-12-26T23:50:00
1462,2022-12-30 02:20:00+00:00,8,2022-12-30T02:20:00
1463,2022-12-30 02:50:00+00:00,8,2022-12-30T02:50:00
1464,2022-12-30 11:20:00+00:00,11,2022-12-30T11:20:00
1465,2022-12-30 19:20:00+00:00,9,2022-12-30T19:20:00
1466,2022-12-30 22:20:00+00:00,9,2022-12-30T22:20:00
1467,2022-12-31 06:20:00+00:00,12,2022-12-31T06:20:00
1468,2022-12-31 06:50:00+00:00,12,2022-12-31T06:50:00
1469,2022-12-31 10:50:00+00:00,11,2022-12-31T10:50:00
1470,2022-12-31 19:20:00+00:00,10,2022-12-31T19:20:00
1471,2022-12-28 12:20:00+00:00,10,2022-12-28T12:20:00
1472,2022-12-28 20:20:00+00:00,9,2022-12-28T20:20:00
1473,2022-12-28 22:50:00+00:00,8,2022-12-28T22:50:00
1474,2022-12-27 01:20:00+00:00,4,2022-12-27T01:20:00
1475,2022-12-27 02:20:00+00:00,4,2022-12-27T02:20:00
1476,2022-12-27 09:50:00+00:00,7,2022-12-27T09:50:00
1477,2022-12-27 11:20:00+00:00,8,2022-12-27T11:20:00
1478,2022-12-27 15:20:00+00:00,8,2022-12-27T15:20:00
1479,2022-12-27 22:20:00+00:00,10,2022-12-27T22:20:00
1480,2022-12-27 23:20:00+00:00,9,2022-12-27T23:20:00
1481,2022-12-29 03:20:00+00:00,7,2022-12-29T03:20:00
1482,2022-12-29 04:20:00+00:00,7,2022-12-29T04:20:00
1483,2022-12-29 04:50:00+00:00,7,2022-12-29T04:50:00
1484,2022-12-29 06:20:00+00:00,7,2022-12-29T06:20:00
1485,2022-12-29 06:50:00+00:00,7,2022-12-29T06:50:00
1486,2022-12-29 18:20:00+00:00,6,2022-12-29T18:20:00
